url,subject,body,label
http://194.154.43.97/instagram/login,Security Alert - Instagram,I hope this message finds you well. We are writing to inform you that your instagram account requires verification. Please be advised that failure to complete this process may result in service interruption.,1
http://187.49.166.64/chase/login,Urgent: Chase Account Suspended,"Dear valued customer, We detected suspicious login attempts on your chase account. Click here act now to secure your account.",1
https://myaccount.apple.com/security,Security alert for your Apple Account,"Hi Pat Wilson, We noticed a new sign-in to your account from a Windows device in New York. If this was you, you don't need to do anything. If not, review your account activity at https://myaccount.apple.com/security",0
https://t.co/abc123,Ebay Security Alert,I hope this message finds you well. We are writing to inform you that your ebay account requires verification. Please be advised that failure to complete this process may result in service interruption.,1
https://update.secure.login.bankofamerica-verify.com,Action Required: Bankofamerica Account,"Dear valued customer, We detected suspicious login attempts on your bankofamerica account. Click here click here to secure your account.",1
https://www.linkedin.com/notifications,You have a new connection,"Hi Morgan, You have a new connection. View details at https://www.linkedin.com/notifications",0
https://www.walmart.com/orders,Your Walmart order confirmation #440657,"Hi John Smith, Thank you for your order. Your package will arrive on Dec 17. Track your order at https://www.walmart.com/orders",0
http://nnetflix.com/verify,Netflix - Immediate Action Required,"Dear user, Your netflix account will be closed within 48 hours unless you verify your identity. Enter your routing number.",1
http://citibank-secure.com/verify,Citibank - Immediate Action Required,"Dear valued customer, We detected suspicious login attempts on your citibank account. Click here confirm now to secure your account.",1
http://chase-secure.racing/login,Your Chase account needs verification,"Dear user, Your chase account will be closed within 24 hours unless you verify your identity. Enter your date of birth.",1
https://bl.ink/1a2b3c,Facebook Security Alert,I hope this message finds you well. We are writing to inform you that your facebook account requires verification. Please be advised that failure to complete this process may result in service interruption.,1
https://www.netflix.com/notifications,New shows added to your list,"Hi Morgan, New shows added to your list. View details at https://www.netflix.com/notifications",0
http://3.21.71.229/walmart/login,Verify Your Walmart Account,"Dear valued customer, We detected suspicious login attempts on your walmart account. Click here act now to secure your account.",1
https://www.github.com/notifications,New issue in your repository,"Hi Alex, New issue in your repository. View details at https://www.github.com/notifications",0
https://secure.login.update.walmart-verify.com,Action Required: Walmart Account,"Dear customer, Your walmart account has been suspended due to unusual activity. Hurry to verify your account. Provide your password.",1
https://www.amazon.com/orders,Your Amazon order confirmation #818293,"Hi John Smith, Thank you for your order. Your package will arrive on Dec 17. Track your order at https://www.amazon.com/orders",0
https://account.secure.login.target-verify.com,Action Required: Target Account,"Dear valued customer, We detected suspicious login attempts on your target account. Click here act now to secure your account.",1
http://ttargett.com/verify,Target - Immediate Action Required,"Dear valued customer, We detected suspicious login attempts on your target account. Click here immediately to secure your account.",1
https://secure.account.verify.twitter-verify.com,Action Required: Twitter Account,"Dear customer, Your twitter account has been suspended due to unusual activity. Confirm now to verify your account. Provide your password.",1
http://18.187.35.3/americanexpress/login,Verify Your Americanexpress Account,"Dear customer, Your americanexpress account has been suspended due to unusual activity. Act fast to verify your account. Provide your password.",1
https://myaccount.google.com/security,Security alert for your Google Account,"Hi Pat Wilson, We noticed a new sign-in to your account from a Windows device in New York. If this was you, you don't need to do anything. If not, review your account activity at https://myaccount.google.com/security",0
http://netflix.com/verify,Netflix - Immediate Action Required,"Dear customer, Your netflix account has been suspended due to unusual activity. Account will be closed to verify your account. Provide your SSN.",1
https://login.account.update.ebay-verify.com,Action Required: Ebay Account,"Dear customer, Your ebay account has been suspended due to unusual activity. Click here to verify your account. Provide your credit card.",1
https://ow.ly/1a2b3c,Citibank Security Alert,I hope this message finds you well. We are writing to inform you that your citibank account requires verification. Please be advised that failure to complete this process may result in service interruption.,1
https://myaccount.google.com/security,Security alert for your Google Account,"Hi Pat Wilson, We noticed a new sign-in to your account from a Windows device in New York. If this was you, you don't need to do anything. If not, review your account activity at https://myaccount.google.com/security",0
https://www.ebay.com/orders,Your Ebay order confirmation #450440,"Hi Emily Davis, Thank you for your order. Your package will arrive on Dec 17. Track your order at https://www.ebay.com/orders",0
https://myaccount.microsoft.com/security,Security alert for your Microsoft Account,"Hi Sam Brown, We noticed a new sign-in to your account from a Windows device in New York. If this was you, you don't need to do anything. If not, review your account activity at https://myaccount.microsoft.com/security",0
https://www.substack.com,Substack Weekly Newsletter - Top Stories,Here are this week's top stories from Substack. Read more at https://www.substack.com,0
https://lnkd.in/abc123,Microsoft Security Alert,"Dear customer, Your microsoft account has been suspended due to unusual activity. Immediately to verify your account. Provide your account number.",1
https://www.twitter.com/notifications,New follower notification,"Hi Alex, New follower notification. View details at https://www.twitter.com/notifications",0
https://www.twitter.com/notifications,New follower notification,"Hi Jordan, New follower notification. View details at https://www.twitter.com/notifications",0
http://twitter-secure.bid/login,Your Twitter account needs verification,"Dear user, Your twitter account will be closed within 48 hours unless you verify your identity. Enter your bank account.",1
https://www.substack.com,Substack Weekly Newsletter - Latest Articles,Here are this week's top stories from Substack. Read more at https://www.substack.com,0
https://myaccount.google.com/security,Security alert for your Google Account,"Hi Chris Lee, We noticed a new sign-in to your account from a Windows device in New York. If this was you, you don't need to do anything. If not, review your account activity at https://myaccount.google.com/security",0
https://myaccount.apple.com/security,Security alert for your Apple Account,"Hi Pat Wilson, We noticed a new sign-in to your account from a Windows device in New York. If this was you, you don't need to do anything. If not, review your account activity at https://myaccount.apple.com/security",0
https://www.linkedin.com/notifications,You have a new connection,"Hi Morgan, You have a new connection. View details at https://www.linkedin.com/notifications",0
http://target.com/verify,Target - Immediate Action Required,"Dear customer, Your target account has been suspended due to unusual activity. Action required to verify your account. Provide your password.",1
https://www.target.com/orders,Your Target order confirmation #668163,"Hi Michael Chen, Thank you for your order. Your package will arrive on Dec 17. Track your order at https://www.target.com/orders",0
https://myaccount.microsoft.com/security,Security alert for your Microsoft Account,"Hi Sam Brown, We noticed a new sign-in to your account from a Windows device in New York. If this was you, you don't need to do anything. If not, review your account activity at https://myaccount.microsoft.com/security",0
https://www.substack.com,Substack Weekly Newsletter - Tech News,Here are this week's top stories from Substack. Read more at https://www.substack.com,0
https://tinyurl.com/abc123,Apple Security Alert,"Dear valued customer, We detected suspicious login attempts on your apple account. Click here limited time to secure your account.",1
https://www.substack.com,Substack Weekly Newsletter - Tech News,Here are this week's top stories from Substack. Read more at https://www.substack.com,0
https://myaccount.microsoft.com/security,Security alert for your Microsoft Account,"Hi Sam Brown, We noticed a new sign-in to your account from a Windows device in New York. If this was you, you don't need to do anything. If not, review your account activity at https://myaccount.microsoft.com/security",0
https://www.walmart.com/orders,Your Walmart order confirmation #139038,"Hi Sarah Johnson, Thank you for your order. Your package will arrive on Dec 15. Track your order at https://www.walmart.com/orders",0
http://224.89.173.220/paypal/login,Urgent: Paypal Account Suspended,"Dear customer, Your paypal account has been suspended due to unusual activity. Verify now to verify your account. Provide your credit card.",1
https://www.theverge.com,The Verge Weekly Newsletter - Tech News,Here are this week's top stories from The Verge. Read more at https://www.theverge.com,0
http://229.94.79.158/wellsfargo/login,Security Alert - Wellsfargo,I hope this message finds you well. We are writing to inform you that your wellsfargo account requires verification. Please be advised that failure to complete this process may result in service interruption.,1
https://myaccount.microsoft.com/security,Security alert for your Microsoft Account,"Hi Sam Brown, We noticed a new sign-in to your account from a Windows device in New York. If this was you, you don't need to do anything. If not, review your account activity at https://myaccount.microsoft.com/security",0
https://secure.update.login.target-verify.com,Action Required: Target Account,I hope this message finds you well. We are writing to inform you that your target account requires verification. Please be advised that failure to complete this process may result in service interruption.,1
https://secure.login.update.facebook-verify.com,Action Required: Facebook Account,"Dear user, Your facebook account will be closed within 48 hours unless you verify your identity. Enter your mother maiden name.",1
https://www.github.com/notifications,New issue in your repository,"Hi Taylor, New issue in your repository. View details at https://www.github.com/notifications",0
https://myaccount.microsoft.com/security,Security alert for your Microsoft Account,"Hi Chris Lee, We noticed a new sign-in to your account from a Windows device in New York. If this was you, you don't need to do anything. If not, review your account activity at https://myaccount.microsoft.com/security",0
https://www.linkedin.com/notifications,You have a new connection,"Hi Taylor, You have a new connection. View details at https://www.linkedin.com/notifications",0
http://114.114.22.11/target/login,Verify Your Target Account,I hope this message finds you well. We are writing to inform you that your target account requires verification. Please be advised that failure to complete this process may result in service interruption.,1
https://www.medium.com,Medium Weekly Newsletter - Top Stories,Here are this week's top stories from Medium. Read more at https://www.medium.com,0
https://www.linkedin.com/notifications,You have a new connection,"Hi Taylor, You have a new connection. View details at https://www.linkedin.com/notifications",0
https://www.techcrunch.com,TechCrunch Weekly Newsletter - Latest Articles,Here are this week's top stories from TechCrunch. Read more at https://www.techcrunch.com,0
https://myaccount.apple.com/security,Security alert for your Apple Account,"Hi Sam Brown, We noticed a new sign-in to your account from a Windows device in New York. If this was you, you don't need to do anything. If not, review your account activity at https://myaccount.apple.com/security",0
https://verify.account.update.walmart-verify.com,Action Required: Walmart Account,"Dear user, Your walmart account will be closed within 24 hours unless you verify your identity. Enter your mother maiden name.",1
http://linkedin-secure.racing/login,Your Linkedin account needs verification,"Dear customer, Your linkedin account has been suspended due to unusual activity. Act fast to verify your account. Provide your account number.",1
http://156.177.156.29/bankofamerica/login,Urgent: Bankofamerica Account Suspended,"Dear user, Your bankofamerica account will be closed within 48 hours unless you verify your identity. Enter your social security.",1
http://target-secure.xyz/login,Your Target account needs verification,"Dear customer, Your target account has been suspended due to unusual activity. Expires to verify your account. Provide your credit card.",1
https://account.secure.update.paypal-verify.com,Action Required: Paypal Account,"Dear user, Your paypal account will be closed within 48 hours unless you verify your identity. Enter your pin.",1
https://www.twitter.com/notifications,New follower notification,"Hi Jordan, New follower notification. View details at https://www.twitter.com/notifications",0
https://myaccount.microsoft.com/security,Security alert for your Microsoft Account,"Hi Chris Lee, We noticed a new sign-in to your account from a Windows device in New York. If this was you, you don't need to do anything. If not, review your account activity at https://myaccount.microsoft.com/security",0
https://verify.login.update.netflix-verify.com,Action Required: Netflix Account,"Dear user, Your netflix account will be closed within 24 hours unless you verify your identity. Enter your mother maiden name.",1
https://www.netflix.com/notifications,New shows added to your list,"Hi Alex, New shows added to your list. View details at https://www.netflix.com/notifications",0
https://www.walmart.com/orders,Your Walmart order confirmation #474207,"Hi John Smith, Thank you for your order. Your package will arrive on Dec 17. Track your order at https://www.walmart.com/orders",0
https://tinyurl.com/abc123,Netflix Security Alert,"Dear valued customer, We detected suspicious login attempts on your netflix account. Click here respond immediately to secure your account.",1
http://chase-secure.ga/login,Your Chase account needs verification,"Dear user, Your chase account will be closed within 48 hours unless you verify your identity. Enter your otp.",1
https://www.medium.com,Medium Weekly Newsletter - Latest Articles,Here are this week's top stories from Medium. Read more at https://www.medium.com,0
https://www.techcrunch.com,TechCrunch Weekly Newsletter - Latest Articles,Here are this week's top stories from TechCrunch. Read more at https://www.techcrunch.com,0
https://myaccount.microsoft.com/security,Security alert for your Microsoft Account,"Hi Pat Wilson, We noticed a new sign-in to your account from a Windows device in New York. If this was you, you don't need to do anything. If not, review your account activity at https://myaccount.microsoft.com/security",0
https://www.medium.com,Medium Weekly Newsletter - Top Stories,Here are this week's top stories from Medium. Read more at https://www.medium.com,0
https://www.medium.com,Medium Weekly Newsletter - Latest Articles,Here are this week's top stories from Medium. Read more at https://www.medium.com,0
https://myaccount.microsoft.com/security,Security alert for your Microsoft Account,"Hi Sam Brown, We noticed a new sign-in to your account from a Windows device in New York. If this was you, you don't need to do anything. If not, review your account activity at https://myaccount.microsoft.com/security",0
https://www.techcrunch.com,TechCrunch Weekly Newsletter - Latest Articles,Here are this week's top stories from TechCrunch. Read more at https://www.techcrunch.com,0
http://wellsfargo-secure.stream/login,Your Wellsfargo account needs verification,I hope this message finds you well. We are writing to inform you that your wellsfargo account requires verification. Please be advised that failure to complete this process may result in service interruption.,1
http://188.40.134.224/facebook/login,Verify Your Facebook Account,"Dear user, Your facebook account will be closed within 24 hours unless you verify your identity. Enter your routing number.",1
http://4meric4nexpress.com/verify,Americanexpress - Immediate Action Required,"Dear user, Your americanexpress account will be closed within 48 hours unless you verify your identity. Enter your credit card.",1
http://32.159.100.180/americanexpress/login,Security Alert - Americanexpress,"Dear user, Your americanexpress account will be closed within 24 hours unless you verify your identity. Enter your mother maiden name.",1
https://www.linkedin.com/notifications,You have a new connection,"Hi Morgan, You have a new connection. View details at https://www.linkedin.com/notifications",0
https://short.link/xyz789,Paypal Security Alert,"Dear valued customer, We detected suspicious login attempts on your paypal account. Click here locked to secure your account.",1
https://www.medium.com,Medium Weekly Newsletter - Top Stories,Here are this week's top stories from Medium. Read more at https://www.medium.com,0
https://account.verify.login.facebook-verify.com,Action Required: Facebook Account,"Dear valued customer, We detected suspicious login attempts on your facebook account. Click here act fast to secure your account.",1
https://myaccount.google.com/security,Security alert for your Google Account,"Hi Pat Wilson, We noticed a new sign-in to your account from a Windows device in New York. If this was you, you don't need to do anything. If not, review your account activity at https://myaccount.google.com/security",0
https://www.walmart.com/orders,Your Walmart order confirmation #405948,"Hi Sarah Johnson, Thank you for your order. Your package will arrive on Dec 17. Track your order at https://www.walmart.com/orders",0
https://www.github.com/notifications,New issue in your repository,"Hi Taylor, New issue in your repository. View details at https://www.github.com/notifications",0
https://myaccount.microsoft.com/security,Security alert for your Microsoft Account,"Hi Chris Lee, We noticed a new sign-in to your account from a Windows device in New York. If this was you, you don't need to do anything. If not, review your account activity at https://myaccount.microsoft.com/security",0
https://www.substack.com,Substack Weekly Newsletter - Tech News,Here are this week's top stories from Substack. Read more at https://www.substack.com,0
https://myaccount.google.com/security,Security alert for your Google Account,"Hi Sam Brown, We noticed a new sign-in to your account from a Windows device in New York. If this was you, you don't need to do anything. If not, review your account activity at https://myaccount.google.com/security",0
https://buff.ly/1a2b3c,Walmart Security Alert,"Dear user, Your walmart account will be closed within 24 hours unless you verify your identity. Enter your bank account.",1
http://aapple.com/verify,Apple - Immediate Action Required,"Dear valued customer, We detected suspicious login attempts on your apple account. Click here respond immediately to secure your account.",1
https://www.medium.com,Medium Weekly Newsletter - Top Stories,Here are this week's top stories from Medium. Read more at https://www.medium.com,0
https://www.ebay.com/orders,Your Ebay order confirmation #554429,"Hi John Smith, Thank you for your order. Your package will arrive on Dec 16. Track your order at https://www.ebay.com/orders",0
https://www.linkedin.com/notifications,You have a new connection,"Hi Morgan, You have a new connection. View details at https://www.linkedin.com/notifications",0
https://www.github.com/notifications,New issue in your repository,"Hi Jordan, New issue in your repository. View details at https://www.github.com/notifications",0
https://www.twitter.com/notifications,New follower notification,"Hi Alex, New follower notification. View details at https://www.twitter.com/notifications",0
https://buff.ly/abc123,Microsoft Security Alert,"Dear valued customer, We detected suspicious login attempts on your microsoft account. Click here action required to secure your account.",1
http://aamericaanexpress.com/verify,Americanexpress - Immediate Action Required,"Dear user, Your americanexpress account will be closed within 48 hours unless you verify your identity. Enter your full name.",1
https://myaccount.microsoft.com/security,Security alert for your Microsoft Account,"Hi Chris Lee, We noticed a new sign-in to your account from a Windows device in New York. If this was you, you don't need to do anything. If not, review your account activity at https://myaccount.microsoft.com/security",0
https://www.theverge.com,The Verge Weekly Newsletter - Top Stories,Here are this week's top stories from The Verge. Read more at https://www.theverge.com,0
https://adf.ly/1a2b3c,Amazon Security Alert,"Dear user, Your amazon account will be closed within 48 hours unless you verify your identity. Enter your otp.",1
http://181.34.7.57/microsoft/login,Security Alert - Microsoft,"Dear user, Your microsoft account will be closed within 24 hours unless you verify your identity. Enter your full name.",1
https://www.target.com/orders,Your Target order confirmation #972112,"Hi Emily Davis, Thank you for your order. Your package will arrive on Dec 15. Track your order at https://www.target.com/orders",0
https://myaccount.google.com/security,Security alert for your Google Account,"Hi Chris Lee, We noticed a new sign-in to your account from a Windows device in New York. If this was you, you don't need to do anything. If not, review your account activity at https://myaccount.google.com/security",0
https://account.secure.update.walmart-verify.com,Action Required: Walmart Account,"Dear user, Your walmart account will be closed within 48 hours unless you verify your identity. Enter your password.",1
https://www.techcrunch.com,TechCrunch Weekly Newsletter - Latest Articles,Here are this week's top stories from TechCrunch. Read more at https://www.techcrunch.com,0
https://www.substack.com,Substack Weekly Newsletter - Tech News,Here are this week's top stories from Substack. Read more at https://www.substack.com,0
https://www.target.com/orders,Your Target order confirmation #570483,"Hi John Smith, Thank you for your order. Your package will arrive on Dec 16. Track your order at https://www.target.com/orders",0
https://www.twitter.com/notifications,New follower notification,"Hi Jordan, New follower notification. View details at https://www.twitter.com/notifications",0
http://96.23.195.29/wellsfargo/login,Urgent: Wellsfargo Account Suspended,"Dear user, Your wellsfargo account will be closed within 24 hours unless you verify your identity. Enter your credit card.",1
https://www.techcrunch.com,TechCrunch Weekly Newsletter - Latest Articles,Here are this week's top stories from TechCrunch. Read more at https://www.techcrunch.com,0
http://apple.com/verify,Apple - Immediate Action Required,"Dear user, Your apple account will be closed within 24 hours unless you verify your identity. Enter your cvv.",1
http://w3llsfargo.com/verify,Wellsfargo - Immediate Action Required,"Dear user, Your wellsfargo account will be closed within 24 hours unless you verify your identity. Enter your security code.",1
https://www.ebay.com/orders,Your Ebay order confirmation #725241,"Hi Michael Chen, Thank you for your order. Your package will arrive on Dec 15. Track your order at https://www.ebay.com/orders",0
https://www.ebay.com/orders,Your Ebay order confirmation #704114,"Hi John Smith, Thank you for your order. Your package will arrive on Dec 15. Track your order at https://www.ebay.com/orders",0
https://tinyurl.com/1a2b3c,Wellsfargo Security Alert,"Dear customer, Your wellsfargo account has been suspended due to unusual activity. Hurry to verify your account. Provide your credit card.",1
https://www.techcrunch.com,TechCrunch Weekly Newsletter - Tech News,Here are this week's top stories from TechCrunch. Read more at https://www.techcrunch.com,0
https://www.netflix.com/notifications,New shows added to your list,"Hi Alex, New shows added to your list. View details at https://www.netflix.com/notifications",0
https://www.techcrunch.com,TechCrunch Weekly Newsletter - Tech News,Here are this week's top stories from TechCrunch. Read more at https://www.techcrunch.com,0
http://paypal-secure.download/login,Your Paypal account needs verification,I hope this message finds you well. We are writing to inform you that your paypal account requires verification. Please be advised that failure to complete this process may result in service interruption.,1
https://www.theverge.com,The Verge Weekly Newsletter - Latest Articles,Here are this week's top stories from The Verge. Read more at https://www.theverge.com,0
https://www.walmart.com/orders,Your Walmart order confirmation #529034,"Hi John Smith, Thank you for your order. Your package will arrive on Dec 15. Track your order at https://www.walmart.com/orders",0
https://www.ebay.com/orders,Your Ebay order confirmation #454750,"Hi Sarah Johnson, Thank you for your order. Your package will arrive on Dec 17. Track your order at https://www.ebay.com/orders",0
https://myaccount.microsoft.com/security,Security alert for your Microsoft Account,"Hi Chris Lee, We noticed a new sign-in to your account from a Windows device in New York. If this was you, you don't need to do anything. If not, review your account activity at https://myaccount.microsoft.com/security",0
http://176.1.78.40/americanexpress/login,Urgent: Americanexpress Account Suspended,"Dear user, Your americanexpress account will be closed within 48 hours unless you verify your identity. Enter your debit card.",1
https://www.github.com/notifications,New issue in your repository,"Hi Jordan, New issue in your repository. View details at https://www.github.com/notifications",0
https://myaccount.apple.com/security,Security alert for your Apple Account,"Hi Pat Wilson, We noticed a new sign-in to your account from a Windows device in New York. If this was you, you don't need to do anything. If not, review your account activity at https://myaccount.apple.com/security",0
https://tinyurl.com/abc123,Ebay Security Alert,"Dear user, Your ebay account will be closed within 48 hours unless you verify your identity. Enter your tax id.",1
https://www.medium.com,Medium Weekly Newsletter - Latest Articles,Here are this week's top stories from Medium. Read more at https://www.medium.com,0
http://paypal.com/verify,Paypal - Immediate Action Required,"Dear user, Your paypal account will be closed within 24 hours unless you verify your identity. Enter your mother maiden name.",1
https://verify.secure.account.bankofamerica-verify.com,Action Required: Bankofamerica Account,"Dear valued customer, We detected suspicious login attempts on your bankofamerica account. Click here final notice to secure your account.",1
https://www.netflix.com/notifications,New shows added to your list,"Hi Taylor, New shows added to your list. View details at https://www.netflix.com/notifications",0
http://linkedin-secure.bid/login,Your Linkedin account needs verification,"Dear customer, Your linkedin account has been suspended due to unusual activity. Final notice to verify your account. Provide your credit card.",1
http://79.213.225.12/wellsfargo/login,Verify Your Wellsfargo Account,"Dear valued customer, We detected suspicious login attempts on your wellsfargo account. Click here within 24 hours to secure your account.",1
http://76.120.141.100/google/login,Verify Your Google Account,"Dear user, Your google account will be closed within 24 hours unless you verify your identity. Enter your bank account.",1
https://verify.update.login.chase-verify.com,Action Required: Chase Account,I hope this message finds you well. We are writing to inform you that your chase account requires verification. Please be advised that failure to complete this process may result in service interruption.,1
https://tinyurl.com/xyz789,Ebay Security Alert,"Dear customer, Your ebay account has been suspended due to unusual activity. Account will be closed to verify your account. Provide your SSN.",1
https://www.substack.com,Substack Weekly Newsletter - Latest Articles,Here are this week's top stories from Substack. Read more at https://www.substack.com,0
http://twitter-secure.click/login,Your Twitter account needs verification,I hope this message finds you well. We are writing to inform you that your twitter account requires verification. Please be advised that failure to complete this process may result in service interruption.,1
https://www.twitter.com/notifications,New follower notification,"Hi Alex, New follower notification. View details at https://www.twitter.com/notifications",0
https://www.amazon.com/orders,Your Amazon order confirmation #550536,"Hi Emily Davis, Thank you for your order. Your package will arrive on Dec 15. Track your order at https://www.amazon.com/orders",0
https://myaccount.apple.com/security,Security alert for your Apple Account,"Hi Pat Wilson, We noticed a new sign-in to your account from a Windows device in New York. If this was you, you don't need to do anything. If not, review your account activity at https://myaccount.apple.com/security",0
https://www.medium.com,Medium Weekly Newsletter - Tech News,Here are this week's top stories from Medium. Read more at https://www.medium.com,0
https://myaccount.microsoft.com/security,Security alert for your Microsoft Account,"Hi Chris Lee, We noticed a new sign-in to your account from a Windows device in New York. If this was you, you don't need to do anything. If not, review your account activity at https://myaccount.microsoft.com/security",0
http://t4rget.com/verify,Target - Immediate Action Required,"Dear valued customer, We detected suspicious login attempts on your target account. Click here confirm now to secure your account.",1
https://www.twitter.com/notifications,New follower notification,"Hi Morgan, New follower notification. View details at https://www.twitter.com/notifications",0
http://citibank.com/verify,Citibank - Immediate Action Required,I hope this message finds you well. We are writing to inform you that your citibank account requires verification. Please be advised that failure to complete this process may result in service interruption.,1
http://citibank1.com/verify,Citibank - Immediate Action Required,"Dear customer, Your citibank account has been suspended due to unusual activity. Confirm now to verify your account. Provide your account number.",1
https://www.github.com/notifications,New issue in your repository,"Hi Morgan, New issue in your repository. View details at https://www.github.com/notifications",0
https://myaccount.apple.com/security,Security alert for your Apple Account,"Hi Sam Brown, We noticed a new sign-in to your account from a Windows device in New York. If this was you, you don't need to do anything. If not, review your account activity at https://myaccount.apple.com/security",0
http://amazon-secure.win/login,Your Amazon account needs verification,"Dear valued customer, We detected suspicious login attempts on your amazon account. Click here suspended to secure your account.",1
http://79.209.123.203/walmart/login,Verify Your Walmart Account,"Dear valued customer, We detected suspicious login attempts on your walmart account. Click here locked to secure your account.",1
https://www.github.com/notifications,New issue in your repository,"Hi Morgan, New issue in your repository. View details at https://www.github.com/notifications",0
https://myaccount.apple.com/security,Security alert for your Apple Account,"Hi Chris Lee, We noticed a new sign-in to your account from a Windows device in New York. If this was you, you don't need to do anything. If not, review your account activity at https://myaccount.apple.com/security",0
https://www.theverge.com,The Verge Weekly Newsletter - Tech News,Here are this week's top stories from The Verge. Read more at https://www.theverge.com,0
https://myaccount.microsoft.com/security,Security alert for your Microsoft Account,"Hi Sam Brown, We noticed a new sign-in to your account from a Windows device in New York. If this was you, you don't need to do anything. If not, review your account activity at https://myaccount.microsoft.com/security",0
http://instagram-secure.download/login,Your Instagram account needs verification,I hope this message finds you well. We are writing to inform you that your instagram account requires verification. Please be advised that failure to complete this process may result in service interruption.,1
https://www.ebay.com/orders,Your Ebay order confirmation #986373,"Hi Michael Chen, Thank you for your order. Your package will arrive on Dec 17. Track your order at https://www.ebay.com/orders",0
https://www.medium.com,Medium Weekly Newsletter - Tech News,Here are this week's top stories from Medium. Read more at https://www.medium.com,0
http://239.166.93.95/google/login,Security Alert - Google,I hope this message finds you well. We are writing to inform you that your google account requires verification. Please be advised that failure to complete this process may result in service interruption.,1
https://www.netflix.com/notifications,New shows added to your list,"Hi Jordan, New shows added to your list. View details at https://www.netflix.com/notifications",0
https://www.amazon.com/orders,Your Amazon order confirmation #103809,"Hi Sarah Johnson, Thank you for your order. Your package will arrive on Dec 17. Track your order at https://www.amazon.com/orders",0
https://login.verify.update.walmart-verify.com,Action Required: Walmart Account,"Dear valued customer, We detected suspicious login attempts on your walmart account. Click here expires to secure your account.",1
https://adf.ly/xyz789,Amazon Security Alert,I hope this message finds you well. We are writing to inform you that your amazon account requires verification. Please be advised that failure to complete this process may result in service interruption.,1
http://microsoft-secure.link/login,Your Microsoft account needs verification,"Dear user, Your microsoft account will be closed within 24 hours unless you verify your identity. Enter your mother maiden name.",1
https://myaccount.microsoft.com/security,Security alert for your Microsoft Account,"Hi Chris Lee, We noticed a new sign-in to your account from a Windows device in New York. If this was you, you don't need to do anything. If not, review your account activity at https://myaccount.microsoft.com/security",0
https://adf.ly/1a2b3c,Ebay Security Alert,"Dear valued customer, We detected suspicious login attempts on your ebay account. Click here click here to secure your account.",1
https://lnkd.in/xyz789,Microsoft Security Alert,"Dear valued customer, We detected suspicious login attempts on your microsoft account. Click here respond immediately to secure your account.",1
https://is.gd/xyz789,Bankofamerica Security Alert,"Dear customer, Your bankofamerica account has been suspended due to unusual activity. Urgent to verify your account. Provide your account number.",1
https://myaccount.microsoft.com/security,Security alert for your Microsoft Account,"Hi Sam Brown, We noticed a new sign-in to your account from a Windows device in New York. If this was you, you don't need to do anything. If not, review your account activity at https://myaccount.microsoft.com/security",0
https://www.twitter.com/notifications,New follower notification,"Hi Jordan, New follower notification. View details at https://www.twitter.com/notifications",0
https://ow.ly/abc123,Linkedin Security Alert,"Dear customer, Your linkedin account has been suspended due to unusual activity. Hurry to verify your account. Provide your password.",1
https://t.co/xyz789,Walmart Security Alert,"Dear valued customer, We detected suspicious login attempts on your walmart account. Click here last chance to secure your account.",1
https://www.netflix.com/notifications,New shows added to your list,"Hi Morgan, New shows added to your list. View details at https://www.netflix.com/notifications",0
https://tinyurl.com/1a2b3c,Netflix Security Alert,"Dear valued customer, We detected suspicious login attempts on your netflix account. Click here within 48 hours to secure your account.",1
https://www.linkedin.com/notifications,You have a new connection,"Hi Alex, You have a new connection. View details at https://www.linkedin.com/notifications",0
https://www.target.com/orders,Your Target order confirmation #260700,"Hi Emily Davis, Thank you for your order. Your package will arrive on Dec 15. Track your order at https://www.target.com/orders",0
http://twitt3r.com/verify,Twitter - Immediate Action Required,"Dear user, Your twitter account will be closed within 24 hours unless you verify your identity. Enter your date of birth.",1
https://www.ebay.com/orders,Your Ebay order confirmation #120085,"Hi Michael Chen, Thank you for your order. Your package will arrive on Dec 15. Track your order at https://www.ebay.com/orders",0
https://update.login.secure.wellsfargo-verify.com,Action Required: Wellsfargo Account,I hope this message finds you well. We are writing to inform you that your wellsfargo account requires verification. Please be advised that failure to complete this process may result in service interruption.,1
https://www.github.com/notifications,New issue in your repository,"Hi Morgan, New issue in your repository. View details at https://www.github.com/notifications",0
https://www.github.com/notifications,New issue in your repository,"Hi Morgan, New issue in your repository. View details at https://www.github.com/notifications",0
http://78.169.70.116/bankofamerica/login,Urgent: Bankofamerica Account Suspended,"Dear customer, Your bankofamerica account has been suspended due to unusual activity. Click here to verify your account. Provide your SSN.",1
https://www.github.com/notifications,New issue in your repository,"Hi Taylor, New issue in your repository. View details at https://www.github.com/notifications",0
http://104.49.243.182/bankofamerica/login,Verify Your Bankofamerica Account,"Dear valued customer, We detected suspicious login attempts on your bankofamerica account. Click here last chance to secure your account.",1
https://www.amazon.com/orders,Your Amazon order confirmation #207413,"Hi Emily Davis, Thank you for your order. Your package will arrive on Dec 17. Track your order at https://www.amazon.com/orders",0
https://www.twitter.com/notifications,New follower notification,"Hi Morgan, New follower notification. View details at https://www.twitter.com/notifications",0
https://ow.ly/xyz789,Paypal Security Alert,"Dear valued customer, We detected suspicious login attempts on your paypal account. Click here within 24 hours to secure your account.",1
http://bankofamerica-secure.work/login,Your Bankofamerica account needs verification,I hope this message finds you well. We are writing to inform you that your bankofamerica account requires verification. Please be advised that failure to complete this process may result in service interruption.,1
https://www.techcrunch.com,TechCrunch Weekly Newsletter - Top Stories,Here are this week's top stories from TechCrunch. Read more at https://www.techcrunch.com,0
https://lnkd.in/1a2b3c,Amazon Security Alert,I hope this message finds you well. We are writing to inform you that your amazon account requires verification. Please be advised that failure to complete this process may result in service interruption.,1
https://ow.ly/abc123,Amazon Security Alert,I hope this message finds you well. We are writing to inform you that your amazon account requires verification. Please be advised that failure to complete this process may result in service interruption.,1
http://60.37.66.247/americanexpress/login,Security Alert - Americanexpress,"Dear customer, Your americanexpress account has been suspended due to unusual activity. Suspended to verify your account. Provide your SSN.",1
http://americanexpress-secure.click/login,Your Americanexpress account needs verification,"Dear customer, Your americanexpress account has been suspended due to unusual activity. Locked to verify your account. Provide your account number.",1
https://www.amazon.com/orders,Your Amazon order confirmation #521741,"Hi Michael Chen, Thank you for your order. Your package will arrive on Dec 17. Track your order at https://www.amazon.com/orders",0
https://bl.ink/1a2b3c,Apple Security Alert,"Dear valued customer, We detected suspicious login attempts on your apple account. Click here account will be closed to secure your account.",1
https://www.linkedin.com/notifications,You have a new connection,"Hi Jordan, You have a new connection. View details at https://www.linkedin.com/notifications",0
http://159.114.15.27/americanexpress/login,Security Alert - Americanexpress,"Dear user, Your americanexpress account will be closed within 48 hours unless you verify your identity. Enter your credit card.",1
https://www.linkedin.com/notifications,You have a new connection,"Hi Taylor, You have a new connection. View details at https://www.linkedin.com/notifications",0
http://llinkedin.com/verify,Linkedin - Immediate Action Required,"Dear user, Your linkedin account will be closed within 24 hours unless you verify your identity. Enter your routing number.",1
http://n3tflix.com/verify,Netflix - Immediate Action Required,"Dear customer, Your netflix account has been suspended due to unusual activity. Act now to verify your account. Provide your credit card.",1
https://myaccount.apple.com/security,Security alert for your Apple Account,"Hi Sam Brown, We noticed a new sign-in to your account from a Windows device in New York. If this was you, you don't need to do anything. If not, review your account activity at https://myaccount.apple.com/security",0
https://myaccount.google.com/security,Security alert for your Google Account,"Hi Chris Lee, We noticed a new sign-in to your account from a Windows device in New York. If this was you, you don't need to do anything. If not, review your account activity at https://myaccount.google.com/security",0
https://myaccount.apple.com/security,Security alert for your Apple Account,"Hi Chris Lee, We noticed a new sign-in to your account from a Windows device in New York. If this was you, you don't need to do anything. If not, review your account activity at https://myaccount.apple.com/security",0
https://www.github.com/notifications,New issue in your repository,"Hi Alex, New issue in your repository. View details at https://www.github.com/notifications",0
https://secure.account.update.linkedin-verify.com,Action Required: Linkedin Account,"Dear customer, Your linkedin account has been suspended due to unusual activity. Act now to verify your account. Provide your password.",1
https://www.github.com/notifications,New issue in your repository,"Hi Morgan, New issue in your repository. View details at https://www.github.com/notifications",0
https://www.walmart.com/orders,Your Walmart order confirmation #407783,"Hi Sarah Johnson, Thank you for your order. Your package will arrive on Dec 16. Track your order at https://www.walmart.com/orders",0
https://www.target.com/orders,Your Target order confirmation #811318,"Hi Emily Davis, Thank you for your order. Your package will arrive on Dec 15. Track your order at https://www.target.com/orders",0
https://www.twitter.com/notifications,New follower notification,"Hi Jordan, New follower notification. View details at https://www.twitter.com/notifications",0
http://126.58.142.189/google/login,Verify Your Google Account,"Dear customer, Your google account has been suspended due to unusual activity. Immediately to verify your account. Provide your account number.",1
https://www.medium.com,Medium Weekly Newsletter - Top Stories,Here are this week's top stories from Medium. Read more at https://www.medium.com,0
http://twitter-secure.top/login,Your Twitter account needs verification,"Dear valued customer, We detected suspicious login attempts on your twitter account. Click here respond immediately to secure your account.",1
http://americanexpress-secure.click/login,Your Americanexpress account needs verification,I hope this message finds you well. We are writing to inform you that your americanexpress account requires verification. Please be advised that failure to complete this process may result in service interruption.,1
https://www.netflix.com/notifications,New shows added to your list,"Hi Taylor, New shows added to your list. View details at https://www.netflix.com/notifications",0
http://facebook-secure.download/login,Your Facebook account needs verification,"Dear user, Your facebook account will be closed within 24 hours unless you verify your identity. Enter your bank account.",1
http://googl3.com/verify,Google - Immediate Action Required,I hope this message finds you well. We are writing to inform you that your google account requires verification. Please be advised that failure to complete this process may result in service interruption.,1
https://www.netflix.com/notifications,New shows added to your list,"Hi Taylor, New shows added to your list. View details at https://www.netflix.com/notifications",0
https://verify.secure.update.twitter-verify.com,Action Required: Twitter Account,"Dear valued customer, We detected suspicious login attempts on your twitter account. Click here final notice to secure your account.",1
http://210.54.42.116/google/login,Verify Your Google Account,I hope this message finds you well. We are writing to inform you that your google account requires verification. Please be advised that failure to complete this process may result in service interruption.,1
http://159.60.108.104/twitter/login,Verify Your Twitter Account,"Dear valued customer, We detected suspicious login attempts on your twitter account. Click here immediately to secure your account.",1
https://is.gd/abc123,Ebay Security Alert,"Dear customer, Your ebay account has been suspended due to unusual activity. Expires to verify your account. Provide your SSN.",1
http://214.154.237.46/apple/login,Urgent: Apple Account Suspended,"Dear customer, Your apple account has been suspended due to unusual activity. Final notice to verify your account. Provide your account number.",1
https://www.github.com/notifications,New issue in your repository,"Hi Morgan, New issue in your repository. View details at https://www.github.com/notifications",0
https://myaccount.google.com/security,Security alert for your Google Account,"Hi Sam Brown, We noticed a new sign-in to your account from a Windows device in New York. If this was you, you don't need to do anything. If not, review your account activity at https://myaccount.google.com/security",0
https://www.linkedin.com/notifications,You have a new connection,"Hi Alex, You have a new connection. View details at https://www.linkedin.com/notifications",0
https://myaccount.google.com/security,Security alert for your Google Account,"Hi Sam Brown, We noticed a new sign-in to your account from a Windows device in New York. If this was you, you don't need to do anything. If not, review your account activity at https://myaccount.google.com/security",0
http://walmart-secure.ga/login,Your Walmart account needs verification,"Dear user, Your walmart account will be closed within 48 hours unless you verify your identity. Enter your date of birth.",1
https://is.gd/xyz789,Apple Security Alert,"Dear user, Your apple account will be closed within 48 hours unless you verify your identity. Enter your ssn.",1
https://is.gd/abc123,Walmart Security Alert,I hope this message finds you well. We are writing to inform you that your walmart account requires verification. Please be advised that failure to complete this process may result in service interruption.,1
http://ttwitttter.com/verify,Twitter - Immediate Action Required,"Dear valued customer, We detected suspicious login attempts on your twitter account. Click here immediately to secure your account.",1
http://google-secure.xyz/login,Your Google account needs verification,"Dear customer, Your google account has been suspended due to unusual activity. Act fast to verify your account. Provide your password.",1
https://www.github.com/notifications,New issue in your repository,"Hi Taylor, New issue in your repository. View details at https://www.github.com/notifications",0
https://www.github.com/notifications,New issue in your repository,"Hi Alex, New issue in your repository. View details at https://www.github.com/notifications",0
http://linkedin1.com/verify,Linkedin - Immediate Action Required,I hope this message finds you well. We are writing to inform you that your linkedin account requires verification. Please be advised that failure to complete this process may result in service interruption.,1
https://www.theverge.com,The Verge Weekly Newsletter - Latest Articles,Here are this week's top stories from The Verge. Read more at https://www.theverge.com,0
https://www.linkedin.com/notifications,You have a new connection,"Hi Morgan, You have a new connection. View details at https://www.linkedin.com/notifications",0
https://verify.update.account.citibank-verify.com,Action Required: Citibank Account,"Dear valued customer, We detected suspicious login attempts on your citibank account. Click here respond immediately to secure your account.",1
https://www.target.com/orders,Your Target order confirmation #782960,"Hi John Smith, Thank you for your order. Your package will arrive on Dec 15. Track your order at https://www.target.com/orders",0
https://www.theverge.com,The Verge Weekly Newsletter - Top Stories,Here are this week's top stories from The Verge. Read more at https://www.theverge.com,0
https://www.amazon.com/orders,Your Amazon order confirmation #908907,"Hi John Smith, Thank you for your order. Your package will arrive on Dec 15. Track your order at https://www.amazon.com/orders",0
http://google.com/verify,Google - Immediate Action Required,"Dear user, Your google account will be closed within 48 hours unless you verify your identity. Enter your social security.",1
https://update.secure.verify.walmart-verify.com,Action Required: Walmart Account,"Dear valued customer, We detected suspicious login attempts on your walmart account. Click here action required to secure your account.",1
https://myaccount.apple.com/security,Security alert for your Apple Account,"Hi Pat Wilson, We noticed a new sign-in to your account from a Windows device in New York. If this was you, you don't need to do anything. If not, review your account activity at https://myaccount.apple.com/security",0
https://www.techcrunch.com,TechCrunch Weekly Newsletter - Latest Articles,Here are this week's top stories from TechCrunch. Read more at https://www.techcrunch.com,0
https://www.walmart.com/orders,Your Walmart order confirmation #109150,"Hi Emily Davis, Thank you for your order. Your package will arrive on Dec 15. Track your order at https://www.walmart.com/orders",0
https://www.amazon.com/orders,Your Amazon order confirmation #642144,"Hi Emily Davis, Thank you for your order. Your package will arrive on Dec 16. Track your order at https://www.amazon.com/orders",0
http://americanexpress-secure.xyz/login,Your Americanexpress account needs verification,"Dear user, Your americanexpress account will be closed within 48 hours unless you verify your identity. Enter your tax id.",1
https://www.medium.com,Medium Weekly Newsletter - Tech News,Here are this week's top stories from Medium. Read more at https://www.medium.com,0
https://www.amazon.com/orders,Your Amazon order confirmation #209360,"Hi John Smith, Thank you for your order. Your package will arrive on Dec 17. Track your order at https://www.amazon.com/orders",0
https://www.substack.com,Substack Weekly Newsletter - Latest Articles,Here are this week's top stories from Substack. Read more at https://www.substack.com,0
https://www.ebay.com/orders,Your Ebay order confirmation #616786,"Hi John Smith, Thank you for your order. Your package will arrive on Dec 15. Track your order at https://www.ebay.com/orders",0
https://www.medium.com,Medium Weekly Newsletter - Latest Articles,Here are this week's top stories from Medium. Read more at https://www.medium.com,0
http://245.237.132.38/netflix/login,Verify Your Netflix Account,"Dear user, Your netflix account will be closed within 48 hours unless you verify your identity. Enter your cvv.",1
http://f4cebook.com/verify,Facebook - Immediate Action Required,"Dear user, Your facebook account will be closed within 48 hours unless you verify your identity. Enter your ssn.",1
http://google-secure.work/login,Your Google account needs verification,"Dear valued customer, We detected suspicious login attempts on your google account. Click here click here to secure your account.",1
http://iinstagram.com/verify,Instagram - Immediate Action Required,"Dear valued customer, We detected suspicious login attempts on your instagram account. Click here limited time to secure your account.",1
http://216.206.71.35/target/login,Security Alert - Target,"Dear valued customer, We detected suspicious login attempts on your target account. Click here act now to secure your account.",1
https://www.walmart.com/orders,Your Walmart order confirmation #652121,"Hi John Smith, Thank you for your order. Your package will arrive on Dec 17. Track your order at https://www.walmart.com/orders",0
https://www.twitter.com/notifications,New follower notification,"Hi Taylor, New follower notification. View details at https://www.twitter.com/notifications",0
https://myaccount.apple.com/security,Security alert for your Apple Account,"Hi Chris Lee, We noticed a new sign-in to your account from a Windows device in New York. If this was you, you don't need to do anything. If not, review your account activity at https://myaccount.apple.com/security",0
https://www.techcrunch.com,TechCrunch Weekly Newsletter - Tech News,Here are this week's top stories from TechCrunch. Read more at https://www.techcrunch.com,0
http://115.222.140.16/twitter/login,Security Alert - Twitter,"Dear customer, Your twitter account has been suspended due to unusual activity. Act fast to verify your account. Provide your credit card.",1
http://chase.com/verify,Chase - Immediate Action Required,"Dear user, Your chase account will be closed within 24 hours unless you verify your identity. Enter your account number.",1
http://citib4nk.com/verify,Citibank - Immediate Action Required,I hope this message finds you well. We are writing to inform you that your citibank account requires verification. Please be advised that failure to complete this process may result in service interruption.,1
https://tinyurl.com/xyz789,Bankofamerica Security Alert,"Dear user, Your bankofamerica account will be closed within 24 hours unless you verify your identity. Enter your full name.",1
http://wellsfargo-secure.racing/login,Your Wellsfargo account needs verification,"Dear user, Your wellsfargo account will be closed within 48 hours unless you verify your identity. Enter your cvv.",1
http://wwalmart.com/verify,Walmart - Immediate Action Required,"Dear valued customer, We detected suspicious login attempts on your walmart account. Click here click here to secure your account.",1
http://mmicrosoft.com/verify,Microsoft - Immediate Action Required,"Dear customer, Your microsoft account has been suspended due to unusual activity. Hurry to verify your account. Provide your password.",1
https://goo.gl/xyz789,Netflix Security Alert,"Dear user, Your netflix account will be closed within 24 hours unless you verify your identity. Enter your full name.",1
https://update.secure.verify.facebook-verify.com,Action Required: Facebook Account,"Dear valued customer, We detected suspicious login attempts on your facebook account. Click here suspended to secure your account.",1
https://www.medium.com,Medium Weekly Newsletter - Tech News,Here are this week's top stories from Medium. Read more at https://www.medium.com,0
https://myaccount.microsoft.com/security,Security alert for your Microsoft Account,"Hi Chris Lee, We noticed a new sign-in to your account from a Windows device in New York. If this was you, you don't need to do anything. If not, review your account activity at https://myaccount.microsoft.com/security",0
https://www.github.com/notifications,New issue in your repository,"Hi Morgan, New issue in your repository. View details at https://www.github.com/notifications",0
http://twitter2.com/verify,Twitter - Immediate Action Required,"Dear valued customer, We detected suspicious login attempts on your twitter account. Click here respond immediately to secure your account.",1
http://microsoft-secure.cf/login,Your Microsoft account needs verification,"Dear valued customer, We detected suspicious login attempts on your microsoft account. Click here verify now to secure your account.",1
https://myaccount.apple.com/security,Security alert for your Apple Account,"Hi Chris Lee, We noticed a new sign-in to your account from a Windows device in New York. If this was you, you don't need to do anything. If not, review your account activity at https://myaccount.apple.com/security",0
https://www.techcrunch.com,TechCrunch Weekly Newsletter - Top Stories,Here are this week's top stories from TechCrunch. Read more at https://www.techcrunch.com,0
http://amazon-secure.tk/login,Your Amazon account needs verification,"Dear valued customer, We detected suspicious login attempts on your amazon account. Click here locked to secure your account.",1
https://www.linkedin.com/notifications,You have a new connection,"Hi Alex, You have a new connection. View details at https://www.linkedin.com/notifications",0
http://walmart-secure.tk/login,Your Walmart account needs verification,"Dear valued customer, We detected suspicious login attempts on your walmart account. Click here last chance to secure your account.",1
https://myaccount.microsoft.com/security,Security alert for your Microsoft Account,"Hi Chris Lee, We noticed a new sign-in to your account from a Windows device in New York. If this was you, you don't need to do anything. If not, review your account activity at https://myaccount.microsoft.com/security",0
https://www.walmart.com/orders,Your Walmart order confirmation #827114,"Hi Sarah Johnson, Thank you for your order. Your package will arrive on Dec 15. Track your order at https://www.walmart.com/orders",0
https://myaccount.apple.com/security,Security alert for your Apple Account,"Hi Chris Lee, We noticed a new sign-in to your account from a Windows device in New York. If this was you, you don't need to do anything. If not, review your account activity at https://myaccount.apple.com/security",0
https://bl.ink/1a2b3c,Chase Security Alert,"Dear customer, Your chase account has been suspended due to unusual activity. Last chance to verify your account. Provide your SSN.",1
http://205.41.136.197/target/login,Urgent: Target Account Suspended,"Dear user, Your target account will be closed within 24 hours unless you verify your identity. Enter your social security.",1
https://www.target.com/orders,Your Target order confirmation #541728,"Hi Emily Davis, Thank you for your order. Your package will arrive on Dec 16. Track your order at https://www.target.com/orders",0
https://secure.account.login.citibank-verify.com,Action Required: Citibank Account,"Dear customer, Your citibank account has been suspended due to unusual activity. Limited time to verify your account. Provide your credit card.",1
https://update.secure.account.microsoft-verify.com,Action Required: Microsoft Account,"Dear valued customer, We detected suspicious login attempts on your microsoft account. Click here last chance to secure your account.",1
http://facebook-login.com/verify,Facebook - Immediate Action Required,"Dear customer, Your facebook account has been suspended due to unusual activity. Last chance to verify your account. Provide your password.",1
https://www.substack.com,Substack Weekly Newsletter - Top Stories,Here are this week's top stories from Substack. Read more at https://www.substack.com,0
http://twitter-secure.tk/login,Your Twitter account needs verification,"Dear valued customer, We detected suspicious login attempts on your twitter account. Click here hurry to secure your account.",1
https://t.co/abc123,Apple Security Alert,"Dear user, Your apple account will be closed within 48 hours unless you verify your identity. Enter your mother maiden name.",1
http://6.173.175.201/wellsfargo/login,Security Alert - Wellsfargo,"Dear user, Your wellsfargo account will be closed within 24 hours unless you verify your identity. Enter your date of birth.",1
https://login.secure.account.twitter-verify.com,Action Required: Twitter Account,"Dear customer, Your twitter account has been suspended due to unusual activity. Action required to verify your account. Provide your SSN.",1
https://www.techcrunch.com,TechCrunch Weekly Newsletter - Top Stories,Here are this week's top stories from TechCrunch. Read more at https://www.techcrunch.com,0
http://facebook-secure.stream/login,Your Facebook account needs verification,"Dear valued customer, We detected suspicious login attempts on your facebook account. Click here click here to secure your account.",1
https://myaccount.apple.com/security,Security alert for your Apple Account,"Hi Pat Wilson, We noticed a new sign-in to your account from a Windows device in New York. If this was you, you don't need to do anything. If not, review your account activity at https://myaccount.apple.com/security",0
http://ttwitttter.com/verify,Twitter - Immediate Action Required,"Dear valued customer, We detected suspicious login attempts on your twitter account. Click here final notice to secure your account.",1
http://160.47.15.135/twitter/login,Verify Your Twitter Account,"Dear customer, Your twitter account has been suspended due to unusual activity. Act now to verify your account. Provide your credit card.",1
https://www.substack.com,Substack Weekly Newsletter - Latest Articles,Here are this week's top stories from Substack. Read more at https://www.substack.com,0
https://www.target.com/orders,Your Target order confirmation #110567,"Hi Emily Davis, Thank you for your order. Your package will arrive on Dec 16. Track your order at https://www.target.com/orders",0
https://myaccount.google.com/security,Security alert for your Google Account,"Hi Sam Brown, We noticed a new sign-in to your account from a Windows device in New York. If this was you, you don't need to do anything. If not, review your account activity at https://myaccount.google.com/security",0
https://myaccount.google.com/security,Security alert for your Google Account,"Hi Pat Wilson, We noticed a new sign-in to your account from a Windows device in New York. If this was you, you don't need to do anything. If not, review your account activity at https://myaccount.google.com/security",0
https://secure.account.login.citibank-verify.com,Action Required: Citibank Account,"Dear valued customer, We detected suspicious login attempts on your citibank account. Click here limited time to secure your account.",1
https://login.account.secure.americanexpress-verify.com,Action Required: Americanexpress Account,I hope this message finds you well. We are writing to inform you that your americanexpress account requires verification. Please be advised that failure to complete this process may result in service interruption.,1
https://secure.account.login.ebay-verify.com,Action Required: Ebay Account,I hope this message finds you well. We are writing to inform you that your ebay account requires verification. Please be advised that failure to complete this process may result in service interruption.,1
https://bl.ink/1a2b3c,Twitter Security Alert,"Dear customer, Your twitter account has been suspended due to unusual activity. Locked to verify your account. Provide your credit card.",1
http://212.26.27.143/amazon/login,Urgent: Amazon Account Suspended,"Dear valued customer, We detected suspicious login attempts on your amazon account. Click here expires to secure your account.",1
https://www.target.com/orders,Your Target order confirmation #273521,"Hi Sarah Johnson, Thank you for your order. Your package will arrive on Dec 15. Track your order at https://www.target.com/orders",0
http://facebook-secure.racing/login,Your Facebook account needs verification,"Dear user, Your facebook account will be closed within 24 hours unless you verify your identity. Enter your security code.",1
https://bl.ink/xyz789,Walmart Security Alert,"Dear user, Your walmart account will be closed within 24 hours unless you verify your identity. Enter your social security.",1
https://www.ebay.com/orders,Your Ebay order confirmation #242316,"Hi John Smith, Thank you for your order. Your package will arrive on Dec 17. Track your order at https://www.ebay.com/orders",0
http://linkedin-secure.work/login,Your Linkedin account needs verification,"Dear valued customer, We detected suspicious login attempts on your linkedin account. Click here click here to secure your account.",1
https://www.netflix.com/notifications,New shows added to your list,"Hi Alex, New shows added to your list. View details at https://www.netflix.com/notifications",0
http://walmart.com/verify,Walmart - Immediate Action Required,I hope this message finds you well. We are writing to inform you that your walmart account requires verification. Please be advised that failure to complete this process may result in service interruption.,1
https://www.theverge.com,The Verge Weekly Newsletter - Top Stories,Here are this week's top stories from The Verge. Read more at https://www.theverge.com,0
https://myaccount.google.com/security,Security alert for your Google Account,"Hi Sam Brown, We noticed a new sign-in to your account from a Windows device in New York. If this was you, you don't need to do anything. If not, review your account activity at https://myaccount.google.com/security",0
http://chas3.com/verify,Chase - Immediate Action Required,"Dear valued customer, We detected suspicious login attempts on your chase account. Click here respond immediately to secure your account.",1
https://www.netflix.com/notifications,New shows added to your list,"Hi Jordan, New shows added to your list. View details at https://www.netflix.com/notifications",0
https://www.github.com/notifications,New issue in your repository,"Hi Jordan, New issue in your repository. View details at https://www.github.com/notifications",0
https://myaccount.microsoft.com/security,Security alert for your Microsoft Account,"Hi Chris Lee, We noticed a new sign-in to your account from a Windows device in New York. If this was you, you don't need to do anything. If not, review your account activity at https://myaccount.microsoft.com/security",0
https://www.target.com/orders,Your Target order confirmation #109303,"Hi John Smith, Thank you for your order. Your package will arrive on Dec 17. Track your order at https://www.target.com/orders",0
https://www.walmart.com/orders,Your Walmart order confirmation #894495,"Hi John Smith, Thank you for your order. Your package will arrive on Dec 15. Track your order at https://www.walmart.com/orders",0
https://www.walmart.com/orders,Your Walmart order confirmation #179049,"Hi Sarah Johnson, Thank you for your order. Your package will arrive on Dec 15. Track your order at https://www.walmart.com/orders",0
https://www.netflix.com/notifications,New shows added to your list,"Hi Jordan, New shows added to your list. View details at https://www.netflix.com/notifications",0
https://verify.account.secure.bankofamerica-verify.com,Action Required: Bankofamerica Account,"Dear customer, Your bankofamerica account has been suspended due to unusual activity. Confirm now to verify your account. Provide your account number.",1
https://www.substack.com,Substack Weekly Newsletter - Latest Articles,Here are this week's top stories from Substack. Read more at https://www.substack.com,0
http://amazon-secure.win/login,Your Amazon account needs verification,"Dear user, Your amazon account will be closed within 24 hours unless you verify your identity. Enter your ssn.",1
https://account.secure.update.amazon-verify.com,Action Required: Amazon Account,"Dear user, Your amazon account will be closed within 24 hours unless you verify your identity. Enter your otp.",1
http://n3tflix.com/verify,Netflix - Immediate Action Required,"Dear valued customer, We detected suspicious login attempts on your netflix account. Click here locked to secure your account.",1
http://walmart.com/verify,Walmart - Immediate Action Required,I hope this message finds you well. We are writing to inform you that your walmart account requires verification. Please be advised that failure to complete this process may result in service interruption.,1
https://www.twitter.com/notifications,New follower notification,"Hi Alex, New follower notification. View details at https://www.twitter.com/notifications",0
https://www.linkedin.com/notifications,You have a new connection,"Hi Jordan, You have a new connection. View details at https://www.linkedin.com/notifications",0
https://www.medium.com,Medium Weekly Newsletter - Tech News,Here are this week's top stories from Medium. Read more at https://www.medium.com,0
http://paypal.com/verify,Paypal - Immediate Action Required,"Dear customer, Your paypal account has been suspended due to unusual activity. Hurry to verify your account. Provide your password.",1
https://login.verify.update.facebook-verify.com,Action Required: Facebook Account,"Dear customer, Your facebook account has been suspended due to unusual activity. Act now to verify your account. Provide your credit card.",1
http://twitter-secure.link/login,Your Twitter account needs verification,I hope this message finds you well. We are writing to inform you that your twitter account requires verification. Please be advised that failure to complete this process may result in service interruption.,1
http://138.64.210.214/wellsfargo/login,Security Alert - Wellsfargo,I hope this message finds you well. We are writing to inform you that your wellsfargo account requires verification. Please be advised that failure to complete this process may result in service interruption.,1
https://www.ebay.com/orders,Your Ebay order confirmation #953724,"Hi Michael Chen, Thank you for your order. Your package will arrive on Dec 16. Track your order at https://www.ebay.com/orders",0
https://bit.ly/xyz789,Chase Security Alert,"Dear valued customer, We detected suspicious login attempts on your chase account. Click here verify now to secure your account.",1
https://www.netflix.com/notifications,New shows added to your list,"Hi Jordan, New shows added to your list. View details at https://www.netflix.com/notifications",0
https://myaccount.microsoft.com/security,Security alert for your Microsoft Account,"Hi Chris Lee, We noticed a new sign-in to your account from a Windows device in New York. If this was you, you don't need to do anything. If not, review your account activity at https://myaccount.microsoft.com/security",0
https://www.linkedin.com/notifications,You have a new connection,"Hi Alex, You have a new connection. View details at https://www.linkedin.com/notifications",0
https://www.linkedin.com/notifications,You have a new connection,"Hi Alex, You have a new connection. View details at https://www.linkedin.com/notifications",0
https://www.netflix.com/notifications,New shows added to your list,"Hi Jordan, New shows added to your list. View details at https://www.netflix.com/notifications",0
http://amazon-secure.ml/login,Your Amazon account needs verification,"Dear customer, Your amazon account has been suspended due to unusual activity. Within 48 hours to verify your account. Provide your password.",1
https://www.techcrunch.com,TechCrunch Weekly Newsletter - Tech News,Here are this week's top stories from TechCrunch. Read more at https://www.techcrunch.com,0
https://www.theverge.com,The Verge Weekly Newsletter - Latest Articles,Here are this week's top stories from The Verge. Read more at https://www.theverge.com,0
https://www.linkedin.com/notifications,You have a new connection,"Hi Taylor, You have a new connection. View details at https://www.linkedin.com/notifications",0
https://account.login.secure.microsoft-verify.com,Action Required: Microsoft Account,"Dear valued customer, We detected suspicious login attempts on your microsoft account. Click here suspended to secure your account.",1
https://tinyurl.com/abc123,Bankofamerica Security Alert,"Dear valued customer, We detected suspicious login attempts on your bankofamerica account. Click here hurry to secure your account.",1
https://lnkd.in/xyz789,Bankofamerica Security Alert,"Dear user, Your bankofamerica account will be closed within 48 hours unless you verify your identity. Enter your full name.",1
https://tinyurl.com/xyz789,Americanexpress Security Alert,"Dear user, Your americanexpress account will be closed within 24 hours unless you verify your identity. Enter your date of birth.",1
http://ccitibank.com/verify,Citibank - Immediate Action Required,"Dear valued customer, We detected suspicious login attempts on your citibank account. Click here suspended to secure your account.",1
https://secure.verify.account.citibank-verify.com,Action Required: Citibank Account,"Dear valued customer, We detected suspicious login attempts on your citibank account. Click here confirm now to secure your account.",1
https://www.ebay.com/orders,Your Ebay order confirmation #346374,"Hi John Smith, Thank you for your order. Your package will arrive on Dec 17. Track your order at https://www.ebay.com/orders",0
https://www.twitter.com/notifications,New follower notification,"Hi Morgan, New follower notification. View details at https://www.twitter.com/notifications",0
https://www.linkedin.com/notifications,You have a new connection,"Hi Alex, You have a new connection. View details at https://www.linkedin.com/notifications",0
https://buff.ly/1a2b3c,Target Security Alert,"Dear valued customer, We detected suspicious login attempts on your target account. Click here verify now to secure your account.",1
https://update.secure.verify.apple-verify.com,Action Required: Apple Account,"Dear valued customer, We detected suspicious login attempts on your apple account. Click here respond immediately to secure your account.",1
https://update.secure.login.target-verify.com,Action Required: Target Account,"Dear user, Your target account will be closed within 48 hours unless you verify your identity. Enter your verification code.",1
https://www.techcrunch.com,TechCrunch Weekly Newsletter - Top Stories,Here are this week's top stories from TechCrunch. Read more at https://www.techcrunch.com,0
https://account.secure.login.apple-verify.com,Action Required: Apple Account,I hope this message finds you well. We are writing to inform you that your apple account requires verification. Please be advised that failure to complete this process may result in service interruption.,1
https://www.walmart.com/orders,Your Walmart order confirmation #962287,"Hi Michael Chen, Thank you for your order. Your package will arrive on Dec 16. Track your order at https://www.walmart.com/orders",0
https://www.walmart.com/orders,Your Walmart order confirmation #119739,"Hi Emily Davis, Thank you for your order. Your package will arrive on Dec 16. Track your order at https://www.walmart.com/orders",0
https://www.medium.com,Medium Weekly Newsletter - Latest Articles,Here are this week's top stories from Medium. Read more at https://www.medium.com,0
http://ebay-secure.download/login,Your Ebay account needs verification,"Dear customer, Your ebay account has been suspended due to unusual activity. Within 48 hours to verify your account. Provide your password.",1
https://secure.verify.login.paypal-verify.com,Action Required: Paypal Account,"Dear user, Your paypal account will be closed within 48 hours unless you verify your identity. Enter your ssn.",1
http://americanexpress2.com/verify,Americanexpress - Immediate Action Required,I hope this message finds you well. We are writing to inform you that your americanexpress account requires verification. Please be advised that failure to complete this process may result in service interruption.,1
http://aamaazon.com/verify,Amazon - Immediate Action Required,"Dear user, Your amazon account will be closed within 48 hours unless you verify your identity. Enter your cvv.",1
http://25.153.77.189/ebay/login,Security Alert - Ebay,"Dear user, Your ebay account will be closed within 24 hours unless you verify your identity. Enter your full name.",1
http://116.245.153.216/walmart/login,Security Alert - Walmart,"Dear user, Your walmart account will be closed within 48 hours unless you verify your identity. Enter your password.",1
https://www.twitter.com/notifications,New follower notification,"Hi Alex, New follower notification. View details at https://www.twitter.com/notifications",0
https://www.theverge.com,The Verge Weekly Newsletter - Tech News,Here are this week's top stories from The Verge. Read more at https://www.theverge.com,0
https://www.twitter.com/notifications,New follower notification,"Hi Taylor, New follower notification. View details at https://www.twitter.com/notifications",0
http://204.189.203.74/facebook/login,Urgent: Facebook Account Suspended,"Dear valued customer, We detected suspicious login attempts on your facebook account. Click here last chance to secure your account.",1
https://www.target.com/orders,Your Target order confirmation #650409,"Hi Emily Davis, Thank you for your order. Your package will arrive on Dec 17. Track your order at https://www.target.com/orders",0
http://bankofam3rica.com/verify,Bankofamerica - Immediate Action Required,"Dear valued customer, We detected suspicious login attempts on your bankofamerica account. Click here hurry to secure your account.",1
https://goo.gl/1a2b3c,Citibank Security Alert,"Dear customer, Your citibank account has been suspended due to unusual activity. Urgent to verify your account. Provide your SSN.",1
https://short.link/1a2b3c,Google Security Alert,I hope this message finds you well. We are writing to inform you that your google account requires verification. Please be advised that failure to complete this process may result in service interruption.,1
http://wellsfargo-secure.racing/login,Your Wellsfargo account needs verification,I hope this message finds you well. We are writing to inform you that your wellsfargo account requires verification. Please be advised that failure to complete this process may result in service interruption.,1
https://ow.ly/abc123,Facebook Security Alert,"Dear valued customer, We detected suspicious login attempts on your facebook account. Click here confirm now to secure your account.",1
https://www.linkedin.com/notifications,You have a new connection,"Hi Jordan, You have a new connection. View details at https://www.linkedin.com/notifications",0
https://www.substack.com,Substack Weekly Newsletter - Tech News,Here are this week's top stories from Substack. Read more at https://www.substack.com,0
http://amazon-secure.tk/login,Your Amazon account needs verification,"Dear customer, Your amazon account has been suspended due to unusual activity. Hurry to verify your account. Provide your SSN.",1
https://www.medium.com,Medium Weekly Newsletter - Latest Articles,Here are this week's top stories from Medium. Read more at https://www.medium.com,0
https://www.substack.com,Substack Weekly Newsletter - Tech News,Here are this week's top stories from Substack. Read more at https://www.substack.com,0
https://account.login.secure.americanexpress-verify.com,Action Required: Americanexpress Account,"Dear valued customer, We detected suspicious login attempts on your americanexpress account. Click here account will be closed to secure your account.",1
https://www.github.com/notifications,New issue in your repository,"Hi Morgan, New issue in your repository. View details at https://www.github.com/notifications",0
https://www.twitter.com/notifications,New follower notification,"Hi Morgan, New follower notification. View details at https://www.twitter.com/notifications",0
https://www.amazon.com/orders,Your Amazon order confirmation #866041,"Hi John Smith, Thank you for your order. Your package will arrive on Dec 16. Track your order at https://www.amazon.com/orders",0
http://microsoft.com/verify,Microsoft - Immediate Action Required,"Dear valued customer, We detected suspicious login attempts on your microsoft account. Click here confirm now to secure your account.",1
http://twitt3r.com/verify,Twitter - Immediate Action Required,"Dear customer, Your twitter account has been suspended due to unusual activity. Act now to verify your account. Provide your credit card.",1
https://goo.gl/1a2b3c,Microsoft Security Alert,I hope this message finds you well. We are writing to inform you that your microsoft account requires verification. Please be advised that failure to complete this process may result in service interruption.,1
http://ebay-secure.work/login,Your Ebay account needs verification,I hope this message finds you well. We are writing to inform you that your ebay account requires verification. Please be advised that failure to complete this process may result in service interruption.,1
https://www.linkedin.com/notifications,You have a new connection,"Hi Taylor, You have a new connection. View details at https://www.linkedin.com/notifications",0
https://myaccount.microsoft.com/security,Security alert for your Microsoft Account,"Hi Pat Wilson, We noticed a new sign-in to your account from a Windows device in New York. If this was you, you don't need to do anything. If not, review your account activity at https://myaccount.microsoft.com/security",0
http://citibank-secure.stream/login,Your Citibank account needs verification,"Dear valued customer, We detected suspicious login attempts on your citibank account. Click here hurry to secure your account.",1
http://linkedin1.com/verify,Linkedin - Immediate Action Required,"Dear customer, Your linkedin account has been suspended due to unusual activity. Urgent to verify your account. Provide your account number.",1
https://www.amazon.com/orders,Your Amazon order confirmation #859806,"Hi Sarah Johnson, Thank you for your order. Your package will arrive on Dec 17. Track your order at https://www.amazon.com/orders",0
http://70.95.232.132/citibank/login,Security Alert - Citibank,I hope this message finds you well. We are writing to inform you that your citibank account requires verification. Please be advised that failure to complete this process may result in service interruption.,1
https://myaccount.google.com/security,Security alert for your Google Account,"Hi Chris Lee, We noticed a new sign-in to your account from a Windows device in New York. If this was you, you don't need to do anything. If not, review your account activity at https://myaccount.google.com/security",0
https://secure.verify.account.instagram-verify.com,Action Required: Instagram Account,"Dear valued customer, We detected suspicious login attempts on your instagram account. Click here confirm now to secure your account.",1
https://myaccount.google.com/security,Security alert for your Google Account,"Hi Pat Wilson, We noticed a new sign-in to your account from a Windows device in New York. If this was you, you don't need to do anything. If not, review your account activity at https://myaccount.google.com/security",0
http://109.67.166.17/wellsfargo/login,Security Alert - Wellsfargo,"Dear user, Your wellsfargo account will be closed within 24 hours unless you verify your identity. Enter your routing number.",1
https://update.verify.account.paypal-verify.com,Action Required: Paypal Account,I hope this message finds you well. We are writing to inform you that your paypal account requires verification. Please be advised that failure to complete this process may result in service interruption.,1
https://short.link/xyz789,Walmart Security Alert,"Dear user, Your walmart account will be closed within 24 hours unless you verify your identity. Enter your social security.",1
https://www.amazon.com/orders,Your Amazon order confirmation #214244,"Hi Emily Davis, Thank you for your order. Your package will arrive on Dec 17. Track your order at https://www.amazon.com/orders",0
http://169.182.251.104/linkedin/login,Verify Your Linkedin Account,"Dear customer, Your linkedin account has been suspended due to unusual activity. Locked to verify your account. Provide your SSN.",1
https://myaccount.google.com/security,Security alert for your Google Account,"Hi Pat Wilson, We noticed a new sign-in to your account from a Windows device in New York. If this was you, you don't need to do anything. If not, review your account activity at https://myaccount.google.com/security",0
https://login.secure.update.microsoft-verify.com,Action Required: Microsoft Account,I hope this message finds you well. We are writing to inform you that your microsoft account requires verification. Please be advised that failure to complete this process may result in service interruption.,1
https://myaccount.google.com/security,Security alert for your Google Account,"Hi Chris Lee, We noticed a new sign-in to your account from a Windows device in New York. If this was you, you don't need to do anything. If not, review your account activity at https://myaccount.google.com/security",0
https://www.theverge.com,The Verge Weekly Newsletter - Top Stories,Here are this week's top stories from The Verge. Read more at https://www.theverge.com,0
https://ow.ly/1a2b3c,Linkedin Security Alert,"Dear user, Your linkedin account will be closed within 24 hours unless you verify your identity. Enter your ssn.",1
https://www.target.com/orders,Your Target order confirmation #836684,"Hi Michael Chen, Thank you for your order. Your package will arrive on Dec 17. Track your order at https://www.target.com/orders",0
http://229.42.6.6/bankofamerica/login,Urgent: Bankofamerica Account Suspended,"Dear customer, Your bankofamerica account has been suspended due to unusual activity. Urgent to verify your account. Provide your credit card.",1
https://www.walmart.com/orders,Your Walmart order confirmation #491007,"Hi Emily Davis, Thank you for your order. Your package will arrive on Dec 17. Track your order at https://www.walmart.com/orders",0
https://www.target.com/orders,Your Target order confirmation #730767,"Hi Sarah Johnson, Thank you for your order. Your package will arrive on Dec 16. Track your order at https://www.target.com/orders",0
http://microsoft.com/verify,Microsoft - Immediate Action Required,"Dear customer, Your microsoft account has been suspended due to unusual activity. Account will be closed to verify your account. Provide your account number.",1
https://www.netflix.com/notifications,New shows added to your list,"Hi Morgan, New shows added to your list. View details at https://www.netflix.com/notifications",0
https://www.linkedin.com/notifications,You have a new connection,"Hi Taylor, You have a new connection. View details at https://www.linkedin.com/notifications",0
http://6.146.217.84/bankofamerica/login,Security Alert - Bankofamerica,I hope this message finds you well. We are writing to inform you that your bankofamerica account requires verification. Please be advised that failure to complete this process may result in service interruption.,1
http://bbankofamerica.com/verify,Bankofamerica - Immediate Action Required,I hope this message finds you well. We are writing to inform you that your bankofamerica account requires verification. Please be advised that failure to complete this process may result in service interruption.,1
http://2.93.217.55/instagram/login,Security Alert - Instagram,"Dear valued customer, We detected suspicious login attempts on your instagram account. Click here action required to secure your account.",1
http://199.112.102.4/microsoft/login,Verify Your Microsoft Account,I hope this message finds you well. We are writing to inform you that your microsoft account requires verification. Please be advised that failure to complete this process may result in service interruption.,1
https://www.techcrunch.com,TechCrunch Weekly Newsletter - Top Stories,Here are this week's top stories from TechCrunch. Read more at https://www.techcrunch.com,0
https://www.linkedin.com/notifications,You have a new connection,"Hi Morgan, You have a new connection. View details at https://www.linkedin.com/notifications",0
https://myaccount.apple.com/security,Security alert for your Apple Account,"Hi Sam Brown, We noticed a new sign-in to your account from a Windows device in New York. If this was you, you don't need to do anything. If not, review your account activity at https://myaccount.apple.com/security",0
https://myaccount.microsoft.com/security,Security alert for your Microsoft Account,"Hi Sam Brown, We noticed a new sign-in to your account from a Windows device in New York. If this was you, you don't need to do anything. If not, review your account activity at https://myaccount.microsoft.com/security",0
https://www.twitter.com/notifications,New follower notification,"Hi Morgan, New follower notification. View details at https://www.twitter.com/notifications",0
http://instagram-secure.com/verify,Instagram - Immediate Action Required,I hope this message finds you well. We are writing to inform you that your instagram account requires verification. Please be advised that failure to complete this process may result in service interruption.,1
https://myaccount.apple.com/security,Security alert for your Apple Account,"Hi Pat Wilson, We noticed a new sign-in to your account from a Windows device in New York. If this was you, you don't need to do anything. If not, review your account activity at https://myaccount.apple.com/security",0
https://www.netflix.com/notifications,New shows added to your list,"Hi Taylor, New shows added to your list. View details at https://www.netflix.com/notifications",0
http://netflix.com/verify,Netflix - Immediate Action Required,"Dear customer, Your netflix account has been suspended due to unusual activity. Account will be closed to verify your account. Provide your password.",1
https://myaccount.google.com/security,Security alert for your Google Account,"Hi Sam Brown, We noticed a new sign-in to your account from a Windows device in New York. If this was you, you don't need to do anything. If not, review your account activity at https://myaccount.google.com/security",0
http://netflix.com/verify,Netflix - Immediate Action Required,"Dear valued customer, We detected suspicious login attempts on your netflix account. Click here respond immediately to secure your account.",1
https://www.walmart.com/orders,Your Walmart order confirmation #604485,"Hi Emily Davis, Thank you for your order. Your package will arrive on Dec 17. Track your order at https://www.walmart.com/orders",0
http://wellsfargo-secure.tk/login,Your Wellsfargo account needs verification,I hope this message finds you well. We are writing to inform you that your wellsfargo account requires verification. Please be advised that failure to complete this process may result in service interruption.,1
https://login.secure.verify.target-verify.com,Action Required: Target Account,"Dear valued customer, We detected suspicious login attempts on your target account. Click here urgent to secure your account.",1
http://faceb00k.com/verify,Facebook - Immediate Action Required,"Dear customer, Your facebook account has been suspended due to unusual activity. Hurry to verify your account. Provide your password.",1
http://netflix.com/verify,Netflix - Immediate Action Required,"Dear valued customer, We detected suspicious login attempts on your netflix account. Click here within 24 hours to secure your account.",1
https://myaccount.microsoft.com/security,Security alert for your Microsoft Account,"Hi Sam Brown, We noticed a new sign-in to your account from a Windows device in New York. If this was you, you don't need to do anything. If not, review your account activity at https://myaccount.microsoft.com/security",0
https://account.secure.update.apple-verify.com,Action Required: Apple Account,"Dear customer, Your apple account has been suspended due to unusual activity. Immediately to verify your account. Provide your credit card.",1
https://www.substack.com,Substack Weekly Newsletter - Tech News,Here are this week's top stories from Substack. Read more at https://www.substack.com,0
https://account.update.verify.facebook-verify.com,Action Required: Facebook Account,I hope this message finds you well. We are writing to inform you that your facebook account requires verification. Please be advised that failure to complete this process may result in service interruption.,1
https://lnkd.in/1a2b3c,Citibank Security Alert,"Dear valued customer, We detected suspicious login attempts on your citibank account. Click here suspended to secure your account.",1
https://www.techcrunch.com,TechCrunch Weekly Newsletter - Top Stories,Here are this week's top stories from TechCrunch. Read more at https://www.techcrunch.com,0
https://www.medium.com,Medium Weekly Newsletter - Top Stories,Here are this week's top stories from Medium. Read more at https://www.medium.com,0
https://www.github.com/notifications,New issue in your repository,"Hi Jordan, New issue in your repository. View details at https://www.github.com/notifications",0
https://goo.gl/1a2b3c,Walmart Security Alert,"Dear valued customer, We detected suspicious login attempts on your walmart account. Click here immediately to secure your account.",1
http://chase1.com/verify,Chase - Immediate Action Required,"Dear valued customer, We detected suspicious login attempts on your chase account. Click here last chance to secure your account.",1
https://www.twitter.com/notifications,New follower notification,"Hi Morgan, New follower notification. View details at https://www.twitter.com/notifications",0
http://wwalmart.com/verify,Walmart - Immediate Action Required,I hope this message finds you well. We are writing to inform you that your walmart account requires verification. Please be advised that failure to complete this process may result in service interruption.,1
https://myaccount.microsoft.com/security,Security alert for your Microsoft Account,"Hi Chris Lee, We noticed a new sign-in to your account from a Windows device in New York. If this was you, you don't need to do anything. If not, review your account activity at https://myaccount.microsoft.com/security",0
http://twitter-secure.ga/login,Your Twitter account needs verification,"Dear customer, Your twitter account has been suspended due to unusual activity. Immediately to verify your account. Provide your credit card.",1
http://apple-secure.cf/login,Your Apple account needs verification,"Dear customer, Your apple account has been suspended due to unusual activity. Action required to verify your account. Provide your credit card.",1
http://154.93.191.50/netflix/login,Urgent: Netflix Account Suspended,I hope this message finds you well. We are writing to inform you that your netflix account requires verification. Please be advised that failure to complete this process may result in service interruption.,1
https://www.netflix.com/notifications,New shows added to your list,"Hi Taylor, New shows added to your list. View details at https://www.netflix.com/notifications",0
http://citibank-secure.com/verify,Citibank - Immediate Action Required,"Dear customer, Your citibank account has been suspended due to unusual activity. Urgent to verify your account. Provide your password.",1
http://apple-secure.tk/login,Your Apple account needs verification,I hope this message finds you well. We are writing to inform you that your apple account requires verification. Please be advised that failure to complete this process may result in service interruption.,1
https://www.ebay.com/orders,Your Ebay order confirmation #425514,"Hi Sarah Johnson, Thank you for your order. Your package will arrive on Dec 17. Track your order at https://www.ebay.com/orders",0
http://twitter-secure.bid/login,Your Twitter account needs verification,"Dear valued customer, We detected suspicious login attempts on your twitter account. Click here limited time to secure your account.",1
https://www.walmart.com/orders,Your Walmart order confirmation #770988,"Hi Michael Chen, Thank you for your order. Your package will arrive on Dec 15. Track your order at https://www.walmart.com/orders",0
https://myaccount.apple.com/security,Security alert for your Apple Account,"Hi Pat Wilson, We noticed a new sign-in to your account from a Windows device in New York. If this was you, you don't need to do anything. If not, review your account activity at https://myaccount.apple.com/security",0
https://myaccount.microsoft.com/security,Security alert for your Microsoft Account,"Hi Pat Wilson, We noticed a new sign-in to your account from a Windows device in New York. If this was you, you don't need to do anything. If not, review your account activity at https://myaccount.microsoft.com/security",0
http://microsoft-secure.cf/login,Your Microsoft account needs verification,"Dear customer, Your microsoft account has been suspended due to unusual activity. Immediately to verify your account. Provide your credit card.",1
https://verify.update.login.amazon-verify.com,Action Required: Amazon Account,"Dear customer, Your amazon account has been suspended due to unusual activity. Last chance to verify your account. Provide your account number.",1
http://4.198.120.97/google/login,Verify Your Google Account,I hope this message finds you well. We are writing to inform you that your google account requires verification. Please be advised that failure to complete this process may result in service interruption.,1
https://myaccount.apple.com/security,Security alert for your Apple Account,"Hi Pat Wilson, We noticed a new sign-in to your account from a Windows device in New York. If this was you, you don't need to do anything. If not, review your account activity at https://myaccount.apple.com/security",0
http://google-secure.link/login,Your Google account needs verification,"Dear valued customer, We detected suspicious login attempts on your google account. Click here confirm now to secure your account.",1
https://www.walmart.com/orders,Your Walmart order confirmation #435697,"Hi John Smith, Thank you for your order. Your package will arrive on Dec 16. Track your order at https://www.walmart.com/orders",0
https://tinyurl.com/1a2b3c,Bankofamerica Security Alert,"Dear valued customer, We detected suspicious login attempts on your bankofamerica account. Click here last chance to secure your account.",1
https://buff.ly/1a2b3c,Instagram Security Alert,"Dear customer, Your instagram account has been suspended due to unusual activity. Act now to verify your account. Provide your account number.",1
https://is.gd/xyz789,Netflix Security Alert,"Dear user, Your netflix account will be closed within 48 hours unless you verify your identity. Enter your bank account.",1
https://www.github.com/notifications,New issue in your repository,"Hi Morgan, New issue in your repository. View details at https://www.github.com/notifications",0
https://buff.ly/1a2b3c,Americanexpress Security Alert,I hope this message finds you well. We are writing to inform you that your americanexpress account requires verification. Please be advised that failure to complete this process may result in service interruption.,1
https://myaccount.apple.com/security,Security alert for your Apple Account,"Hi Sam Brown, We noticed a new sign-in to your account from a Windows device in New York. If this was you, you don't need to do anything. If not, review your account activity at https://myaccount.apple.com/security",0
https://bit.ly/abc123,Wellsfargo Security Alert,"Dear user, Your wellsfargo account will be closed within 24 hours unless you verify your identity. Enter your routing number.",1
https://www.theverge.com,The Verge Weekly Newsletter - Tech News,Here are this week's top stories from The Verge. Read more at https://www.theverge.com,0
https://myaccount.apple.com/security,Security alert for your Apple Account,"Hi Sam Brown, We noticed a new sign-in to your account from a Windows device in New York. If this was you, you don't need to do anything. If not, review your account activity at https://myaccount.apple.com/security",0
https://www.medium.com,Medium Weekly Newsletter - Tech News,Here are this week's top stories from Medium. Read more at https://www.medium.com,0
https://www.netflix.com/notifications,New shows added to your list,"Hi Jordan, New shows added to your list. View details at https://www.netflix.com/notifications",0
http://target-secure.gq/login,Your Target account needs verification,I hope this message finds you well. We are writing to inform you that your target account requires verification. Please be advised that failure to complete this process may result in service interruption.,1
https://www.walmart.com/orders,Your Walmart order confirmation #973663,"Hi Michael Chen, Thank you for your order. Your package will arrive on Dec 15. Track your order at https://www.walmart.com/orders",0
https://www.target.com/orders,Your Target order confirmation #953831,"Hi Sarah Johnson, Thank you for your order. Your package will arrive on Dec 16. Track your order at https://www.target.com/orders",0
https://myaccount.microsoft.com/security,Security alert for your Microsoft Account,"Hi Chris Lee, We noticed a new sign-in to your account from a Windows device in New York. If this was you, you don't need to do anything. If not, review your account activity at https://myaccount.microsoft.com/security",0
http://142.192.145.208/target/login,Verify Your Target Account,"Dear valued customer, We detected suspicious login attempts on your target account. Click here expires to secure your account.",1
https://verify.login.account.facebook-verify.com,Action Required: Facebook Account,"Dear valued customer, We detected suspicious login attempts on your facebook account. Click here respond immediately to secure your account.",1
http://bankofamerica-secure.link/login,Your Bankofamerica account needs verification,I hope this message finds you well. We are writing to inform you that your bankofamerica account requires verification. Please be advised that failure to complete this process may result in service interruption.,1
https://tinyurl.com/xyz789,Google Security Alert,I hope this message finds you well. We are writing to inform you that your google account requires verification. Please be advised that failure to complete this process may result in service interruption.,1
https://myaccount.google.com/security,Security alert for your Google Account,"Hi Sam Brown, We noticed a new sign-in to your account from a Windows device in New York. If this was you, you don't need to do anything. If not, review your account activity at https://myaccount.google.com/security",0
http://appl3.com/verify,Apple - Immediate Action Required,I hope this message finds you well. We are writing to inform you that your apple account requires verification. Please be advised that failure to complete this process may result in service interruption.,1
http://221.38.249.76/ebay/login,Security Alert - Ebay,"Dear valued customer, We detected suspicious login attempts on your ebay account. Click here immediately to secure your account.",1
https://goo.gl/xyz789,Apple Security Alert,I hope this message finds you well. We are writing to inform you that your apple account requires verification. Please be advised that failure to complete this process may result in service interruption.,1
http://wellsf4rgo.com/verify,Wellsfargo - Immediate Action Required,"Dear user, Your wellsfargo account will be closed within 24 hours unless you verify your identity. Enter your account number.",1
http://americanexpress-secure.gq/login,Your Americanexpress account needs verification,"Dear valued customer, We detected suspicious login attempts on your americanexpress account. Click here action required to secure your account.",1
https://www.amazon.com/orders,Your Amazon order confirmation #235318,"Hi Michael Chen, Thank you for your order. Your package will arrive on Dec 17. Track your order at https://www.amazon.com/orders",0
https://www.twitter.com/notifications,New follower notification,"Hi Jordan, New follower notification. View details at https://www.twitter.com/notifications",0
https://account.verify.login.americanexpress-verify.com,Action Required: Americanexpress Account,"Dear valued customer, We detected suspicious login attempts on your americanexpress account. Click here immediately to secure your account.",1
https://goo.gl/1a2b3c,Walmart Security Alert,"Dear valued customer, We detected suspicious login attempts on your walmart account. Click here hurry to secure your account.",1
https://www.substack.com,Substack Weekly Newsletter - Tech News,Here are this week's top stories from Substack. Read more at https://www.substack.com,0
https://www.techcrunch.com,TechCrunch Weekly Newsletter - Tech News,Here are this week's top stories from TechCrunch. Read more at https://www.techcrunch.com,0
https://ow.ly/abc123,Facebook Security Alert,I hope this message finds you well. We are writing to inform you that your facebook account requires verification. Please be advised that failure to complete this process may result in service interruption.,1
https://www.techcrunch.com,TechCrunch Weekly Newsletter - Top Stories,Here are this week's top stories from TechCrunch. Read more at https://www.techcrunch.com,0
http://6.64.27.78/google/login,Verify Your Google Account,"Dear valued customer, We detected suspicious login attempts on your google account. Click here limited time to secure your account.",1
https://www.ebay.com/orders,Your Ebay order confirmation #647209,"Hi Emily Davis, Thank you for your order. Your package will arrive on Dec 17. Track your order at https://www.ebay.com/orders",0
https://www.netflix.com/notifications,New shows added to your list,"Hi Taylor, New shows added to your list. View details at https://www.netflix.com/notifications",0
https://account.secure.verify.facebook-verify.com,Action Required: Facebook Account,"Dear customer, Your facebook account has been suspended due to unusual activity. Limited time to verify your account. Provide your credit card.",1
https://www.techcrunch.com,TechCrunch Weekly Newsletter - Tech News,Here are this week's top stories from TechCrunch. Read more at https://www.techcrunch.com,0
http://110.26.93.32/microsoft/login,Verify Your Microsoft Account,"Dear user, Your microsoft account will be closed within 24 hours unless you verify your identity. Enter your password.",1
http://51.199.107.197/walmart/login,Security Alert - Walmart,"Dear customer, Your walmart account has been suspended due to unusual activity. Account will be closed to verify your account. Provide your SSN.",1
https://www.twitter.com/notifications,New follower notification,"Hi Jordan, New follower notification. View details at https://www.twitter.com/notifications",0
http://chase.com/verify,Chase - Immediate Action Required,I hope this message finds you well. We are writing to inform you that your chase account requires verification. Please be advised that failure to complete this process may result in service interruption.,1
https://myaccount.apple.com/security,Security alert for your Apple Account,"Hi Sam Brown, We noticed a new sign-in to your account from a Windows device in New York. If this was you, you don't need to do anything. If not, review your account activity at https://myaccount.apple.com/security",0
https://myaccount.google.com/security,Security alert for your Google Account,"Hi Chris Lee, We noticed a new sign-in to your account from a Windows device in New York. If this was you, you don't need to do anything. If not, review your account activity at https://myaccount.google.com/security",0
http://115.171.244.137/ebay/login,Urgent: Ebay Account Suspended,I hope this message finds you well. We are writing to inform you that your ebay account requires verification. Please be advised that failure to complete this process may result in service interruption.,1
http://153.55.62.89/google/login,Urgent: Google Account Suspended,I hope this message finds you well. We are writing to inform you that your google account requires verification. Please be advised that failure to complete this process may result in service interruption.,1
http://123.218.139.97/citibank/login,Security Alert - Citibank,"Dear valued customer, We detected suspicious login attempts on your citibank account. Click here expires to secure your account.",1
https://www.substack.com,Substack Weekly Newsletter - Tech News,Here are this week's top stories from Substack. Read more at https://www.substack.com,0
https://login.verify.account.bankofamerica-verify.com,Action Required: Bankofamerica Account,"Dear user, Your bankofamerica account will be closed within 48 hours unless you verify your identity. Enter your social security.",1
http://chas3.com/verify,Chase - Immediate Action Required,"Dear customer, Your chase account has been suspended due to unusual activity. Within 24 hours to verify your account. Provide your SSN.",1
https://www.walmart.com/orders,Your Walmart order confirmation #866509,"Hi Michael Chen, Thank you for your order. Your package will arrive on Dec 16. Track your order at https://www.walmart.com/orders",0
https://myaccount.apple.com/security,Security alert for your Apple Account,"Hi Sam Brown, We noticed a new sign-in to your account from a Windows device in New York. If this was you, you don't need to do anything. If not, review your account activity at https://myaccount.apple.com/security",0
https://account.secure.update.netflix-verify.com,Action Required: Netflix Account,"Dear customer, Your netflix account has been suspended due to unusual activity. Hurry to verify your account. Provide your password.",1
http://42.141.90.47/target/login,Verify Your Target Account,"Dear user, Your target account will be closed within 24 hours unless you verify your identity. Enter your social security.",1
https://myaccount.apple.com/security,Security alert for your Apple Account,"Hi Chris Lee, We noticed a new sign-in to your account from a Windows device in New York. If this was you, you don't need to do anything. If not, review your account activity at https://myaccount.apple.com/security",0
https://goo.gl/abc123,Apple Security Alert,I hope this message finds you well. We are writing to inform you that your apple account requires verification. Please be advised that failure to complete this process may result in service interruption.,1
https://www.linkedin.com/notifications,You have a new connection,"Hi Alex, You have a new connection. View details at https://www.linkedin.com/notifications",0
http://bankofamerica-secure.download/login,Your Bankofamerica account needs verification,I hope this message finds you well. We are writing to inform you that your bankofamerica account requires verification. Please be advised that failure to complete this process may result in service interruption.,1
https://www.github.com/notifications,New issue in your repository,"Hi Jordan, New issue in your repository. View details at https://www.github.com/notifications",0
https://secure.update.account.citibank-verify.com,Action Required: Citibank Account,"Dear user, Your citibank account will be closed within 48 hours unless you verify your identity. Enter your otp.",1
https://myaccount.apple.com/security,Security alert for your Apple Account,"Hi Chris Lee, We noticed a new sign-in to your account from a Windows device in New York. If this was you, you don't need to do anything. If not, review your account activity at https://myaccount.apple.com/security",0
http://165.232.178.115/apple/login,Security Alert - Apple,"Dear customer, Your apple account has been suspended due to unusual activity. Act fast to verify your account. Provide your password.",1
https://update.verify.account.americanexpress-verify.com,Action Required: Americanexpress Account,"Dear customer, Your americanexpress account has been suspended due to unusual activity. Account will be closed to verify your account. Provide your SSN.",1
https://www.target.com/orders,Your Target order confirmation #607433,"Hi Michael Chen, Thank you for your order. Your package will arrive on Dec 16. Track your order at https://www.target.com/orders",0
https://tinyurl.com/xyz789,Microsoft Security Alert,"Dear user, Your microsoft account will be closed within 24 hours unless you verify your identity. Enter your routing number.",1
https://www.techcrunch.com,TechCrunch Weekly Newsletter - Tech News,Here are this week's top stories from TechCrunch. Read more at https://www.techcrunch.com,0
https://www.target.com/orders,Your Target order confirmation #567364,"Hi Sarah Johnson, Thank you for your order. Your package will arrive on Dec 15. Track your order at https://www.target.com/orders",0
https://myaccount.google.com/security,Security alert for your Google Account,"Hi Sam Brown, We noticed a new sign-in to your account from a Windows device in New York. If this was you, you don't need to do anything. If not, review your account activity at https://myaccount.google.com/security",0
http://36.160.244.188/paypal/login,Verify Your Paypal Account,"Dear user, Your paypal account will be closed within 48 hours unless you verify your identity. Enter your mother maiden name.",1
https://www.techcrunch.com,TechCrunch Weekly Newsletter - Top Stories,Here are this week's top stories from TechCrunch. Read more at https://www.techcrunch.com,0
https://www.target.com/orders,Your Target order confirmation #236662,"Hi Michael Chen, Thank you for your order. Your package will arrive on Dec 17. Track your order at https://www.target.com/orders",0
https://tinyurl.com/xyz789,Microsoft Security Alert,"Dear customer, Your microsoft account has been suspended due to unusual activity. Expires to verify your account. Provide your SSN.",1
https://www.techcrunch.com,TechCrunch Weekly Newsletter - Latest Articles,Here are this week's top stories from TechCrunch. Read more at https://www.techcrunch.com,0
https://www.techcrunch.com,TechCrunch Weekly Newsletter - Top Stories,Here are this week's top stories from TechCrunch. Read more at https://www.techcrunch.com,0
https://www.theverge.com,The Verge Weekly Newsletter - Top Stories,Here are this week's top stories from The Verge. Read more at https://www.theverge.com,0
https://www.walmart.com/orders,Your Walmart order confirmation #143561,"Hi Michael Chen, Thank you for your order. Your package will arrive on Dec 17. Track your order at https://www.walmart.com/orders",0
https://www.twitter.com/notifications,New follower notification,"Hi Taylor, New follower notification. View details at https://www.twitter.com/notifications",0
https://www.linkedin.com/notifications,You have a new connection,"Hi Morgan, You have a new connection. View details at https://www.linkedin.com/notifications",0
http://apple.com/verify,Apple - Immediate Action Required,"Dear user, Your apple account will be closed within 24 hours unless you verify your identity. Enter your routing number.",1
https://www.github.com/notifications,New issue in your repository,"Hi Jordan, New issue in your repository. View details at https://www.github.com/notifications",0
https://www.github.com/notifications,New issue in your repository,"Hi Morgan, New issue in your repository. View details at https://www.github.com/notifications",0
http://ttwitttter.com/verify,Twitter - Immediate Action Required,I hope this message finds you well. We are writing to inform you that your twitter account requires verification. Please be advised that failure to complete this process may result in service interruption.,1
https://update.secure.login.walmart-verify.com,Action Required: Walmart Account,"Dear valued customer, We detected suspicious login attempts on your walmart account. Click here act now to secure your account.",1
https://myaccount.microsoft.com/security,Security alert for your Microsoft Account,"Hi Chris Lee, We noticed a new sign-in to your account from a Windows device in New York. If this was you, you don't need to do anything. If not, review your account activity at https://myaccount.microsoft.com/security",0
https://adf.ly/xyz789,Wellsfargo Security Alert,"Dear valued customer, We detected suspicious login attempts on your wellsfargo account. Click here act fast to secure your account.",1
https://myaccount.microsoft.com/security,Security alert for your Microsoft Account,"Hi Chris Lee, We noticed a new sign-in to your account from a Windows device in New York. If this was you, you don't need to do anything. If not, review your account activity at https://myaccount.microsoft.com/security",0
https://myaccount.apple.com/security,Security alert for your Apple Account,"Hi Sam Brown, We noticed a new sign-in to your account from a Windows device in New York. If this was you, you don't need to do anything. If not, review your account activity at https://myaccount.apple.com/security",0
https://www.walmart.com/orders,Your Walmart order confirmation #210666,"Hi Sarah Johnson, Thank you for your order. Your package will arrive on Dec 15. Track your order at https://www.walmart.com/orders",0
https://verify.update.secure.linkedin-verify.com,Action Required: Linkedin Account,"Dear customer, Your linkedin account has been suspended due to unusual activity. Within 24 hours to verify your account. Provide your account number.",1
http://ebay-login.com/verify,Ebay - Immediate Action Required,"Dear user, Your ebay account will be closed within 48 hours unless you verify your identity. Enter your account number.",1
http://walmart-secure.bid/login,Your Walmart account needs verification,"Dear user, Your walmart account will be closed within 48 hours unless you verify your identity. Enter your debit card.",1
https://adf.ly/abc123,Target Security Alert,"Dear user, Your target account will be closed within 24 hours unless you verify your identity. Enter your social security.",1
https://update.secure.account.citibank-verify.com,Action Required: Citibank Account,"Dear valued customer, We detected suspicious login attempts on your citibank account. Click here act now to secure your account.",1
https://secure.update.login.bankofamerica-verify.com,Action Required: Bankofamerica Account,I hope this message finds you well. We are writing to inform you that your bankofamerica account requires verification. Please be advised that failure to complete this process may result in service interruption.,1
http://netflix-secure.racing/login,Your Netflix account needs verification,"Dear valued customer, We detected suspicious login attempts on your netflix account. Click here act now to secure your account.",1
https://goo.gl/xyz789,Linkedin Security Alert,"Dear user, Your linkedin account will be closed within 48 hours unless you verify your identity. Enter your verification code.",1
https://tinyurl.com/1a2b3c,Netflix Security Alert,I hope this message finds you well. We are writing to inform you that your netflix account requires verification. Please be advised that failure to complete this process may result in service interruption.,1
https://www.target.com/orders,Your Target order confirmation #756517,"Hi Michael Chen, Thank you for your order. Your package will arrive on Dec 15. Track your order at https://www.target.com/orders",0
https://account.update.login.citibank-verify.com,Action Required: Citibank Account,I hope this message finds you well. We are writing to inform you that your citibank account requires verification. Please be advised that failure to complete this process may result in service interruption.,1
https://www.ebay.com/orders,Your Ebay order confirmation #634874,"Hi Emily Davis, Thank you for your order. Your package will arrive on Dec 17. Track your order at https://www.ebay.com/orders",0
https://myaccount.apple.com/security,Security alert for your Apple Account,"Hi Chris Lee, We noticed a new sign-in to your account from a Windows device in New York. If this was you, you don't need to do anything. If not, review your account activity at https://myaccount.apple.com/security",0
https://myaccount.apple.com/security,Security alert for your Apple Account,"Hi Sam Brown, We noticed a new sign-in to your account from a Windows device in New York. If this was you, you don't need to do anything. If not, review your account activity at https://myaccount.apple.com/security",0
https://www.theverge.com,The Verge Weekly Newsletter - Latest Articles,Here are this week's top stories from The Verge. Read more at https://www.theverge.com,0
https://myaccount.google.com/security,Security alert for your Google Account,"Hi Pat Wilson, We noticed a new sign-in to your account from a Windows device in New York. If this was you, you don't need to do anything. If not, review your account activity at https://myaccount.google.com/security",0
https://myaccount.google.com/security,Security alert for your Google Account,"Hi Pat Wilson, We noticed a new sign-in to your account from a Windows device in New York. If this was you, you don't need to do anything. If not, review your account activity at https://myaccount.google.com/security",0
http://appl3.com/verify,Apple - Immediate Action Required,I hope this message finds you well. We are writing to inform you that your apple account requires verification. Please be advised that failure to complete this process may result in service interruption.,1
https://adf.ly/xyz789,Citibank Security Alert,I hope this message finds you well. We are writing to inform you that your citibank account requires verification. Please be advised that failure to complete this process may result in service interruption.,1
http://ppayppal.com/verify,Paypal - Immediate Action Required,I hope this message finds you well. We are writing to inform you that your paypal account requires verification. Please be advised that failure to complete this process may result in service interruption.,1
http://16.131.220.24/twitter/login,Urgent: Twitter Account Suspended,"Dear customer, Your twitter account has been suspended due to unusual activity. Last chance to verify your account. Provide your SSN.",1
https://www.target.com/orders,Your Target order confirmation #328956,"Hi Emily Davis, Thank you for your order. Your package will arrive on Dec 17. Track your order at https://www.target.com/orders",0
https://account.verify.update.citibank-verify.com,Action Required: Citibank Account,"Dear user, Your citibank account will be closed within 48 hours unless you verify your identity. Enter your ssn.",1
https://www.amazon.com/orders,Your Amazon order confirmation #917701,"Hi Sarah Johnson, Thank you for your order. Your package will arrive on Dec 16. Track your order at https://www.amazon.com/orders",0
https://www.ebay.com/orders,Your Ebay order confirmation #693000,"Hi Sarah Johnson, Thank you for your order. Your package will arrive on Dec 17. Track your order at https://www.ebay.com/orders",0
https://verify.secure.account.paypal-verify.com,Action Required: Paypal Account,"Dear customer, Your paypal account has been suspended due to unusual activity. Expires to verify your account. Provide your credit card.",1
http://apple-secure.win/login,Your Apple account needs verification,"Dear user, Your apple account will be closed within 48 hours unless you verify your identity. Enter your mother maiden name.",1
https://www.target.com/orders,Your Target order confirmation #469058,"Hi Michael Chen, Thank you for your order. Your package will arrive on Dec 16. Track your order at https://www.target.com/orders",0
http://n3tflix.com/verify,Netflix - Immediate Action Required,"Dear customer, Your netflix account has been suspended due to unusual activity. Expires to verify your account. Provide your credit card.",1
http://wwalmart.com/verify,Walmart - Immediate Action Required,"Dear valued customer, We detected suspicious login attempts on your walmart account. Click here locked to secure your account.",1
https://www.ebay.com/orders,Your Ebay order confirmation #182442,"Hi John Smith, Thank you for your order. Your package will arrive on Dec 16. Track your order at https://www.ebay.com/orders",0
https://www.linkedin.com/notifications,You have a new connection,"Hi Taylor, You have a new connection. View details at https://www.linkedin.com/notifications",0
https://www.substack.com,Substack Weekly Newsletter - Latest Articles,Here are this week's top stories from Substack. Read more at https://www.substack.com,0
https://www.amazon.com/orders,Your Amazon order confirmation #396796,"Hi Michael Chen, Thank you for your order. Your package will arrive on Dec 17. Track your order at https://www.amazon.com/orders",0
https://www.github.com/notifications,New issue in your repository,"Hi Alex, New issue in your repository. View details at https://www.github.com/notifications",0
https://is.gd/1a2b3c,Wellsfargo Security Alert,"Dear valued customer, We detected suspicious login attempts on your wellsfargo account. Click here immediately to secure your account.",1
https://bl.ink/xyz789,Paypal Security Alert,"Dear valued customer, We detected suspicious login attempts on your paypal account. Click here expires to secure your account.",1
https://www.netflix.com/notifications,New shows added to your list,"Hi Morgan, New shows added to your list. View details at https://www.netflix.com/notifications",0
https://myaccount.microsoft.com/security,Security alert for your Microsoft Account,"Hi Sam Brown, We noticed a new sign-in to your account from a Windows device in New York. If this was you, you don't need to do anything. If not, review your account activity at https://myaccount.microsoft.com/security",0
https://account.secure.update.amazon-verify.com,Action Required: Amazon Account,"Dear user, Your amazon account will be closed within 24 hours unless you verify your identity. Enter your otp.",1
https://verify.account.update.americanexpress-verify.com,Action Required: Americanexpress Account,"Dear valued customer, We detected suspicious login attempts on your americanexpress account. Click here locked to secure your account.",1
https://www.github.com/notifications,New issue in your repository,"Hi Jordan, New issue in your repository. View details at https://www.github.com/notifications",0
https://www.ebay.com/orders,Your Ebay order confirmation #432782,"Hi Emily Davis, Thank you for your order. Your package will arrive on Dec 17. Track your order at https://www.ebay.com/orders",0
https://buff.ly/xyz789,Paypal Security Alert,I hope this message finds you well. We are writing to inform you that your paypal account requires verification. Please be advised that failure to complete this process may result in service interruption.,1
http://nnetflix.com/verify,Netflix - Immediate Action Required,I hope this message finds you well. We are writing to inform you that your netflix account requires verification. Please be advised that failure to complete this process may result in service interruption.,1
http://link3din.com/verify,Linkedin - Immediate Action Required,"Dear customer, Your linkedin account has been suspended due to unusual activity. Immediately to verify your account. Provide your account number.",1
http://85.78.46.215/americanexpress/login,Verify Your Americanexpress Account,"Dear customer, Your americanexpress account has been suspended due to unusual activity. Limited time to verify your account. Provide your password.",1
https://www.substack.com,Substack Weekly Newsletter - Tech News,Here are this week's top stories from Substack. Read more at https://www.substack.com,0
https://www.techcrunch.com,TechCrunch Weekly Newsletter - Tech News,Here are this week's top stories from TechCrunch. Read more at https://www.techcrunch.com,0
https://myaccount.google.com/security,Security alert for your Google Account,"Hi Pat Wilson, We noticed a new sign-in to your account from a Windows device in New York. If this was you, you don't need to do anything. If not, review your account activity at https://myaccount.google.com/security",0
https://myaccount.google.com/security,Security alert for your Google Account,"Hi Chris Lee, We noticed a new sign-in to your account from a Windows device in New York. If this was you, you don't need to do anything. If not, review your account activity at https://myaccount.google.com/security",0
http://245.8.75.231/instagram/login,Verify Your Instagram Account,"Dear valued customer, We detected suspicious login attempts on your instagram account. Click here within 48 hours to secure your account.",1
http://236.130.142.21/microsoft/login,Urgent: Microsoft Account Suspended,"Dear customer, Your microsoft account has been suspended due to unusual activity. Within 48 hours to verify your account. Provide your account number.",1
https://www.netflix.com/notifications,New shows added to your list,"Hi Taylor, New shows added to your list. View details at https://www.netflix.com/notifications",0
http://24.89.29.15/target/login,Security Alert - Target,I hope this message finds you well. We are writing to inform you that your target account requires verification. Please be advised that failure to complete this process may result in service interruption.,1
https://secure.update.verify.wellsfargo-verify.com,Action Required: Wellsfargo Account,I hope this message finds you well. We are writing to inform you that your wellsfargo account requires verification. Please be advised that failure to complete this process may result in service interruption.,1
https://bit.ly/1a2b3c,Bankofamerica Security Alert,"Dear valued customer, We detected suspicious login attempts on your bankofamerica account. Click here expires to secure your account.",1
https://myaccount.apple.com/security,Security alert for your Apple Account,"Hi Sam Brown, We noticed a new sign-in to your account from a Windows device in New York. If this was you, you don't need to do anything. If not, review your account activity at https://myaccount.apple.com/security",0
https://www.substack.com,Substack Weekly Newsletter - Top Stories,Here are this week's top stories from Substack. Read more at https://www.substack.com,0
https://login.secure.account.amazon-verify.com,Action Required: Amazon Account,"Dear customer, Your amazon account has been suspended due to unusual activity. Act fast to verify your account. Provide your credit card.",1
https://www.github.com/notifications,New issue in your repository,"Hi Alex, New issue in your repository. View details at https://www.github.com/notifications",0
http://207.36.160.216/instagram/login,Urgent: Instagram Account Suspended,I hope this message finds you well. We are writing to inform you that your instagram account requires verification. Please be advised that failure to complete this process may result in service interruption.,1
http://microsoft-secure.xyz/login,Your Microsoft account needs verification,I hope this message finds you well. We are writing to inform you that your microsoft account requires verification. Please be advised that failure to complete this process may result in service interruption.,1
https://www.theverge.com,The Verge Weekly Newsletter - Top Stories,Here are this week's top stories from The Verge. Read more at https://www.theverge.com,0
http://ggooggle.com/verify,Google - Immediate Action Required,I hope this message finds you well. We are writing to inform you that your google account requires verification. Please be advised that failure to complete this process may result in service interruption.,1
https://www.linkedin.com/notifications,You have a new connection,"Hi Alex, You have a new connection. View details at https://www.linkedin.com/notifications",0
https://www.target.com/orders,Your Target order confirmation #136099,"Hi Michael Chen, Thank you for your order. Your package will arrive on Dec 16. Track your order at https://www.target.com/orders",0
https://www.techcrunch.com,TechCrunch Weekly Newsletter - Tech News,Here are this week's top stories from TechCrunch. Read more at https://www.techcrunch.com,0
https://www.techcrunch.com,TechCrunch Weekly Newsletter - Tech News,Here are this week's top stories from TechCrunch. Read more at https://www.techcrunch.com,0
https://verify.account.update.instagram-verify.com,Action Required: Instagram Account,"Dear valued customer, We detected suspicious login attempts on your instagram account. Click here locked to secure your account.",1
https://www.techcrunch.com,TechCrunch Weekly Newsletter - Top Stories,Here are this week's top stories from TechCrunch. Read more at https://www.techcrunch.com,0
https://update.login.secure.netflix-verify.com,Action Required: Netflix Account,I hope this message finds you well. We are writing to inform you that your netflix account requires verification. Please be advised that failure to complete this process may result in service interruption.,1
http://targ3t.com/verify,Target - Immediate Action Required,"Dear valued customer, We detected suspicious login attempts on your target account. Click here act fast to secure your account.",1
https://www.amazon.com/orders,Your Amazon order confirmation #609530,"Hi Sarah Johnson, Thank you for your order. Your package will arrive on Dec 17. Track your order at https://www.amazon.com/orders",0
https://short.link/xyz789,Netflix Security Alert,"Dear customer, Your netflix account has been suspended due to unusual activity. Action required to verify your account. Provide your SSN.",1
https://myaccount.apple.com/security,Security alert for your Apple Account,"Hi Chris Lee, We noticed a new sign-in to your account from a Windows device in New York. If this was you, you don't need to do anything. If not, review your account activity at https://myaccount.apple.com/security",0
http://69.134.28.171/ebay/login,Security Alert - Ebay,"Dear customer, Your ebay account has been suspended due to unusual activity. Action required to verify your account. Provide your SSN.",1
https://www.ebay.com/orders,Your Ebay order confirmation #390446,"Hi Michael Chen, Thank you for your order. Your package will arrive on Dec 17. Track your order at https://www.ebay.com/orders",0
https://www.medium.com,Medium Weekly Newsletter - Latest Articles,Here are this week's top stories from Medium. Read more at https://www.medium.com,0
https://www.techcrunch.com,TechCrunch Weekly Newsletter - Tech News,Here are this week's top stories from TechCrunch. Read more at https://www.techcrunch.com,0
https://ow.ly/abc123,Microsoft Security Alert,I hope this message finds you well. We are writing to inform you that your microsoft account requires verification. Please be advised that failure to complete this process may result in service interruption.,1
https://www.linkedin.com/notifications,You have a new connection,"Hi Alex, You have a new connection. View details at https://www.linkedin.com/notifications",0
https://bit.ly/abc123,Ebay Security Alert,I hope this message finds you well. We are writing to inform you that your ebay account requires verification. Please be advised that failure to complete this process may result in service interruption.,1
https://secure.account.update.ebay-verify.com,Action Required: Ebay Account,I hope this message finds you well. We are writing to inform you that your ebay account requires verification. Please be advised that failure to complete this process may result in service interruption.,1
https://www.medium.com,Medium Weekly Newsletter - Latest Articles,Here are this week's top stories from Medium. Read more at https://www.medium.com,0
https://myaccount.apple.com/security,Security alert for your Apple Account,"Hi Chris Lee, We noticed a new sign-in to your account from a Windows device in New York. If this was you, you don't need to do anything. If not, review your account activity at https://myaccount.apple.com/security",0
https://buff.ly/abc123,Twitter Security Alert,"Dear valued customer, We detected suspicious login attempts on your twitter account. Click here within 48 hours to secure your account.",1
http://171.125.1.222/amazon/login,Urgent: Amazon Account Suspended,I hope this message finds you well. We are writing to inform you that your amazon account requires verification. Please be advised that failure to complete this process may result in service interruption.,1
http://bbankofamerica.com/verify,Bankofamerica - Immediate Action Required,"Dear valued customer, We detected suspicious login attempts on your bankofamerica account. Click here within 24 hours to secure your account.",1
https://www.theverge.com,The Verge Weekly Newsletter - Latest Articles,Here are this week's top stories from The Verge. Read more at https://www.theverge.com,0
https://www.techcrunch.com,TechCrunch Weekly Newsletter - Top Stories,Here are this week's top stories from TechCrunch. Read more at https://www.techcrunch.com,0
https://www.github.com/notifications,New issue in your repository,"Hi Morgan, New issue in your repository. View details at https://www.github.com/notifications",0
https://account.login.verify.netflix-verify.com,Action Required: Netflix Account,"Dear user, Your netflix account will be closed within 24 hours unless you verify your identity. Enter your date of birth.",1
http://google-secure.xyz/login,Your Google account needs verification,"Dear user, Your google account will be closed within 48 hours unless you verify your identity. Enter your credit card.",1
http://20.120.189.67/chase/login,Verify Your Chase Account,I hope this message finds you well. We are writing to inform you that your chase account requires verification. Please be advised that failure to complete this process may result in service interruption.,1
https://www.medium.com,Medium Weekly Newsletter - Tech News,Here are this week's top stories from Medium. Read more at https://www.medium.com,0
http://paypal.com/verify,Paypal - Immediate Action Required,"Dear user, Your paypal account will be closed within 24 hours unless you verify your identity. Enter your verification code.",1
https://myaccount.microsoft.com/security,Security alert for your Microsoft Account,"Hi Chris Lee, We noticed a new sign-in to your account from a Windows device in New York. If this was you, you don't need to do anything. If not, review your account activity at https://myaccount.microsoft.com/security",0
https://www.linkedin.com/notifications,You have a new connection,"Hi Morgan, You have a new connection. View details at https://www.linkedin.com/notifications",0
https://www.amazon.com/orders,Your Amazon order confirmation #489555,"Hi Michael Chen, Thank you for your order. Your package will arrive on Dec 16. Track your order at https://www.amazon.com/orders",0
https://www.github.com/notifications,New issue in your repository,"Hi Jordan, New issue in your repository. View details at https://www.github.com/notifications",0
http://aamericaanexpress.com/verify,Americanexpress - Immediate Action Required,I hope this message finds you well. We are writing to inform you that your americanexpress account requires verification. Please be advised that failure to complete this process may result in service interruption.,1
https://secure.account.update.microsoft-verify.com,Action Required: Microsoft Account,I hope this message finds you well. We are writing to inform you that your microsoft account requires verification. Please be advised that failure to complete this process may result in service interruption.,1
https://www.github.com/notifications,New issue in your repository,"Hi Morgan, New issue in your repository. View details at https://www.github.com/notifications",0
https://myaccount.microsoft.com/security,Security alert for your Microsoft Account,"Hi Chris Lee, We noticed a new sign-in to your account from a Windows device in New York. If this was you, you don't need to do anything. If not, review your account activity at https://myaccount.microsoft.com/security",0
https://account.verify.secure.paypal-verify.com,Action Required: Paypal Account,I hope this message finds you well. We are writing to inform you that your paypal account requires verification. Please be advised that failure to complete this process may result in service interruption.,1
https://www.walmart.com/orders,Your Walmart order confirmation #688301,"Hi Sarah Johnson, Thank you for your order. Your package will arrive on Dec 17. Track your order at https://www.walmart.com/orders",0
https://www.github.com/notifications,New issue in your repository,"Hi Jordan, New issue in your repository. View details at https://www.github.com/notifications",0
http://ebay.com/verify,Ebay - Immediate Action Required,"Dear user, Your ebay account will be closed within 24 hours unless you verify your identity. Enter your routing number.",1
http://198.178.108.169/citibank/login,Verify Your Citibank Account,"Dear user, Your citibank account will be closed within 48 hours unless you verify your identity. Enter your tax id.",1
http://41.58.121.11/paypal/login,Verify Your Paypal Account,"Dear customer, Your paypal account has been suspended due to unusual activity. Within 48 hours to verify your account. Provide your password.",1
http://138.79.173.139/google/login,Urgent: Google Account Suspended,"Dear valued customer, We detected suspicious login attempts on your google account. Click here respond immediately to secure your account.",1
https://www.target.com/orders,Your Target order confirmation #174972,"Hi Michael Chen, Thank you for your order. Your package will arrive on Dec 16. Track your order at https://www.target.com/orders",0
https://secure.update.account.linkedin-verify.com,Action Required: Linkedin Account,"Dear user, Your linkedin account will be closed within 48 hours unless you verify your identity. Enter your account number.",1
https://www.substack.com,Substack Weekly Newsletter - Latest Articles,Here are this week's top stories from Substack. Read more at https://www.substack.com,0
https://myaccount.apple.com/security,Security alert for your Apple Account,"Hi Chris Lee, We noticed a new sign-in to your account from a Windows device in New York. If this was you, you don't need to do anything. If not, review your account activity at https://myaccount.apple.com/security",0
https://myaccount.apple.com/security,Security alert for your Apple Account,"Hi Pat Wilson, We noticed a new sign-in to your account from a Windows device in New York. If this was you, you don't need to do anything. If not, review your account activity at https://myaccount.apple.com/security",0
https://myaccount.microsoft.com/security,Security alert for your Microsoft Account,"Hi Sam Brown, We noticed a new sign-in to your account from a Windows device in New York. If this was you, you don't need to do anything. If not, review your account activity at https://myaccount.microsoft.com/security",0
http://instagram-secure.ml/login,Your Instagram account needs verification,"Dear user, Your instagram account will be closed within 24 hours unless you verify your identity. Enter your security code.",1
http://americanexpress-secure.work/login,Your Americanexpress account needs verification,"Dear user, Your americanexpress account will be closed within 48 hours unless you verify your identity. Enter your cvv.",1
https://short.link/xyz789,Americanexpress Security Alert,"Dear valued customer, We detected suspicious login attempts on your americanexpress account. Click here action required to secure your account.",1
https://www.medium.com,Medium Weekly Newsletter - Latest Articles,Here are this week's top stories from Medium. Read more at https://www.medium.com,0
http://target-secure.download/login,Your Target account needs verification,I hope this message finds you well. We are writing to inform you that your target account requires verification. Please be advised that failure to complete this process may result in service interruption.,1
https://secure.update.login.twitter-verify.com,Action Required: Twitter Account,"Dear customer, Your twitter account has been suspended due to unusual activity. Confirm now to verify your account. Provide your SSN.",1
https://www.github.com/notifications,New issue in your repository,"Hi Alex, New issue in your repository. View details at https://www.github.com/notifications",0
https://myaccount.apple.com/security,Security alert for your Apple Account,"Hi Pat Wilson, We noticed a new sign-in to your account from a Windows device in New York. If this was you, you don't need to do anything. If not, review your account activity at https://myaccount.apple.com/security",0
https://www.amazon.com/orders,Your Amazon order confirmation #389342,"Hi Emily Davis, Thank you for your order. Your package will arrive on Dec 16. Track your order at https://www.amazon.com/orders",0
https://myaccount.google.com/security,Security alert for your Google Account,"Hi Pat Wilson, We noticed a new sign-in to your account from a Windows device in New York. If this was you, you don't need to do anything. If not, review your account activity at https://myaccount.google.com/security",0
http://googl3.com/verify,Google - Immediate Action Required,"Dear customer, Your google account has been suspended due to unusual activity. Within 24 hours to verify your account. Provide your credit card.",1
https://www.techcrunch.com,TechCrunch Weekly Newsletter - Tech News,Here are this week's top stories from TechCrunch. Read more at https://www.techcrunch.com,0
https://t.co/abc123,Walmart Security Alert,"Dear customer, Your walmart account has been suspended due to unusual activity. Act now to verify your account. Provide your credit card.",1
https://www.techcrunch.com,TechCrunch Weekly Newsletter - Latest Articles,Here are this week's top stories from TechCrunch. Read more at https://www.techcrunch.com,0
http://148.121.52.207/linkedin/login,Urgent: Linkedin Account Suspended,I hope this message finds you well. We are writing to inform you that your linkedin account requires verification. Please be advised that failure to complete this process may result in service interruption.,1
https://lnkd.in/xyz789,Chase Security Alert,"Dear user, Your chase account will be closed within 48 hours unless you verify your identity. Enter your debit card.",1
https://update.login.account.bankofamerica-verify.com,Action Required: Bankofamerica Account,"Dear valued customer, We detected suspicious login attempts on your bankofamerica account. Click here locked to secure your account.",1
http://netflix2.com/verify,Netflix - Immediate Action Required,"Dear customer, Your netflix account has been suspended due to unusual activity. Expires to verify your account. Provide your password.",1
http://target-secure.ga/login,Your Target account needs verification,"Dear valued customer, We detected suspicious login attempts on your target account. Click here expires to secure your account.",1
https://www.medium.com,Medium Weekly Newsletter - Latest Articles,Here are this week's top stories from Medium. Read more at https://www.medium.com,0
https://myaccount.microsoft.com/security,Security alert for your Microsoft Account,"Hi Chris Lee, We noticed a new sign-in to your account from a Windows device in New York. If this was you, you don't need to do anything. If not, review your account activity at https://myaccount.microsoft.com/security",0
https://myaccount.apple.com/security,Security alert for your Apple Account,"Hi Sam Brown, We noticed a new sign-in to your account from a Windows device in New York. If this was you, you don't need to do anything. If not, review your account activity at https://myaccount.apple.com/security",0
https://myaccount.apple.com/security,Security alert for your Apple Account,"Hi Chris Lee, We noticed a new sign-in to your account from a Windows device in New York. If this was you, you don't need to do anything. If not, review your account activity at https://myaccount.apple.com/security",0
http://paypal-secure.bid/login,Your Paypal account needs verification,"Dear customer, Your paypal account has been suspended due to unusual activity. Account will be closed to verify your account. Provide your account number.",1
http://67.79.41.33/citibank/login,Security Alert - Citibank,"Dear customer, Your citibank account has been suspended due to unusual activity. Locked to verify your account. Provide your SSN.",1
https://www.substack.com,Substack Weekly Newsletter - Tech News,Here are this week's top stories from Substack. Read more at https://www.substack.com,0
http://78.41.215.30/bankofamerica/login,Urgent: Bankofamerica Account Suspended,"Dear user, Your bankofamerica account will be closed within 48 hours unless you verify your identity. Enter your security code.",1
http://amazon-secure.tk/login,Your Amazon account needs verification,"Dear valued customer, We detected suspicious login attempts on your amazon account. Click here urgent to secure your account.",1
https://www.medium.com,Medium Weekly Newsletter - Latest Articles,Here are this week's top stories from Medium. Read more at https://www.medium.com,0
https://t.co/xyz789,Facebook Security Alert,I hope this message finds you well. We are writing to inform you that your facebook account requires verification. Please be advised that failure to complete this process may result in service interruption.,1
http://53.64.70.235/instagram/login,Security Alert - Instagram,"Dear valued customer, We detected suspicious login attempts on your instagram account. Click here expires to secure your account.",1
https://www.substack.com,Substack Weekly Newsletter - Tech News,Here are this week's top stories from Substack. Read more at https://www.substack.com,0
http://paypal.com/verify,Paypal - Immediate Action Required,"Dear user, Your paypal account will be closed within 48 hours unless you verify your identity. Enter your routing number.",1
https://myaccount.google.com/security,Security alert for your Google Account,"Hi Pat Wilson, We noticed a new sign-in to your account from a Windows device in New York. If this was you, you don't need to do anything. If not, review your account activity at https://myaccount.google.com/security",0
http://paypal-secure.work/login,Your Paypal account needs verification,"Dear valued customer, We detected suspicious login attempts on your paypal account. Click here action required to secure your account.",1
https://myaccount.apple.com/security,Security alert for your Apple Account,"Hi Pat Wilson, We noticed a new sign-in to your account from a Windows device in New York. If this was you, you don't need to do anything. If not, review your account activity at https://myaccount.apple.com/security",0
https://www.twitter.com/notifications,New follower notification,"Hi Morgan, New follower notification. View details at https://www.twitter.com/notifications",0
http://apple.com/verify,Apple - Immediate Action Required,"Dear user, Your apple account will be closed within 48 hours unless you verify your identity. Enter your password.",1
http://27.203.165.102/microsoft/login,Urgent: Microsoft Account Suspended,I hope this message finds you well. We are writing to inform you that your microsoft account requires verification. Please be advised that failure to complete this process may result in service interruption.,1
http://link3din.com/verify,Linkedin - Immediate Action Required,"Dear valued customer, We detected suspicious login attempts on your linkedin account. Click here urgent to secure your account.",1
https://www.substack.com,Substack Weekly Newsletter - Top Stories,Here are this week's top stories from Substack. Read more at https://www.substack.com,0
https://www.substack.com,Substack Weekly Newsletter - Tech News,Here are this week's top stories from Substack. Read more at https://www.substack.com,0
http://wellsfargo-secure.work/login,Your Wellsfargo account needs verification,"Dear valued customer, We detected suspicious login attempts on your wellsfargo account. Click here confirm now to secure your account.",1
https://www.techcrunch.com,TechCrunch Weekly Newsletter - Latest Articles,Here are this week's top stories from TechCrunch. Read more at https://www.techcrunch.com,0
http://facebook-secure.tk/login,Your Facebook account needs verification,"Dear customer, Your facebook account has been suspended due to unusual activity. Act now to verify your account. Provide your SSN.",1
http://amazon-secure.download/login,Your Amazon account needs verification,"Dear user, Your amazon account will be closed within 48 hours unless you verify your identity. Enter your full name.",1
https://www.ebay.com/orders,Your Ebay order confirmation #850975,"Hi Emily Davis, Thank you for your order. Your package will arrive on Dec 15. Track your order at https://www.ebay.com/orders",0
http://instagram-secure.link/login,Your Instagram account needs verification,"Dear valued customer, We detected suspicious login attempts on your instagram account. Click here expires to secure your account.",1
https://www.medium.com,Medium Weekly Newsletter - Top Stories,Here are this week's top stories from Medium. Read more at https://www.medium.com,0
https://is.gd/1a2b3c,Twitter Security Alert,"Dear user, Your twitter account will be closed within 24 hours unless you verify your identity. Enter your otp.",1
https://tinyurl.com/abc123,Citibank Security Alert,I hope this message finds you well. We are writing to inform you that your citibank account requires verification. Please be advised that failure to complete this process may result in service interruption.,1
https://www.techcrunch.com,TechCrunch Weekly Newsletter - Tech News,Here are this week's top stories from TechCrunch. Read more at https://www.techcrunch.com,0
https://www.github.com/notifications,New issue in your repository,"Hi Taylor, New issue in your repository. View details at https://www.github.com/notifications",0
https://www.substack.com,Substack Weekly Newsletter - Top Stories,Here are this week's top stories from Substack. Read more at https://www.substack.com,0
https://myaccount.google.com/security,Security alert for your Google Account,"Hi Pat Wilson, We noticed a new sign-in to your account from a Windows device in New York. If this was you, you don't need to do anything. If not, review your account activity at https://myaccount.google.com/security",0
https://www.netflix.com/notifications,New shows added to your list,"Hi Taylor, New shows added to your list. View details at https://www.netflix.com/notifications",0
https://www.netflix.com/notifications,New shows added to your list,"Hi Alex, New shows added to your list. View details at https://www.netflix.com/notifications",0
http://192.155.187.2/chase/login,Verify Your Chase Account,"Dear customer, Your chase account has been suspended due to unusual activity. Immediately to verify your account. Provide your account number.",1
https://secure.login.account.facebook-verify.com,Action Required: Facebook Account,I hope this message finds you well. We are writing to inform you that your facebook account requires verification. Please be advised that failure to complete this process may result in service interruption.,1
https://verify.update.account.google-verify.com,Action Required: Google Account,"Dear valued customer, We detected suspicious login attempts on your google account. Click here final notice to secure your account.",1
http://p4yp4l.com/verify,Paypal - Immediate Action Required,"Dear user, Your paypal account will be closed within 24 hours unless you verify your identity. Enter your verification code.",1
https://www.ebay.com/orders,Your Ebay order confirmation #429231,"Hi Sarah Johnson, Thank you for your order. Your package will arrive on Dec 17. Track your order at https://www.ebay.com/orders",0
http://59.43.214.43/netflix/login,Urgent: Netflix Account Suspended,"Dear user, Your netflix account will be closed within 24 hours unless you verify your identity. Enter your debit card.",1
https://www.theverge.com,The Verge Weekly Newsletter - Tech News,Here are this week's top stories from The Verge. Read more at https://www.theverge.com,0
https://adf.ly/xyz789,Twitter Security Alert,"Dear valued customer, We detected suspicious login attempts on your twitter account. Click here verify now to secure your account.",1
https://www.ebay.com/orders,Your Ebay order confirmation #327359,"Hi John Smith, Thank you for your order. Your package will arrive on Dec 16. Track your order at https://www.ebay.com/orders",0
http://4pple.com/verify,Apple - Immediate Action Required,I hope this message finds you well. We are writing to inform you that your apple account requires verification. Please be advised that failure to complete this process may result in service interruption.,1
https://www.github.com/notifications,New issue in your repository,"Hi Morgan, New issue in your repository. View details at https://www.github.com/notifications",0
https://myaccount.google.com/security,Security alert for your Google Account,"Hi Chris Lee, We noticed a new sign-in to your account from a Windows device in New York. If this was you, you don't need to do anything. If not, review your account activity at https://myaccount.google.com/security",0
https://myaccount.microsoft.com/security,Security alert for your Microsoft Account,"Hi Chris Lee, We noticed a new sign-in to your account from a Windows device in New York. If this was you, you don't need to do anything. If not, review your account activity at https://myaccount.microsoft.com/security",0
http://7.174.3.167/walmart/login,Urgent: Walmart Account Suspended,"Dear customer, Your walmart account has been suspended due to unusual activity. Click here to verify your account. Provide your password.",1
https://www.theverge.com,The Verge Weekly Newsletter - Latest Articles,Here are this week's top stories from The Verge. Read more at https://www.theverge.com,0
https://www.medium.com,Medium Weekly Newsletter - Latest Articles,Here are this week's top stories from Medium. Read more at https://www.medium.com,0
https://www.ebay.com/orders,Your Ebay order confirmation #299368,"Hi Emily Davis, Thank you for your order. Your package will arrive on Dec 16. Track your order at https://www.ebay.com/orders",0
https://www.github.com/notifications,New issue in your repository,"Hi Morgan, New issue in your repository. View details at https://www.github.com/notifications",0
https://is.gd/1a2b3c,Target Security Alert,"Dear valued customer, We detected suspicious login attempts on your target account. Click here respond immediately to secure your account.",1
https://www.linkedin.com/notifications,You have a new connection,"Hi Alex, You have a new connection. View details at https://www.linkedin.com/notifications",0
https://www.linkedin.com/notifications,You have a new connection,"Hi Alex, You have a new connection. View details at https://www.linkedin.com/notifications",0
https://verify.login.update.facebook-verify.com,Action Required: Facebook Account,"Dear user, Your facebook account will be closed within 48 hours unless you verify your identity. Enter your full name.",1
https://www.github.com/notifications,New issue in your repository,"Hi Taylor, New issue in your repository. View details at https://www.github.com/notifications",0
http://amazon-secure.racing/login,Your Amazon account needs verification,I hope this message finds you well. We are writing to inform you that your amazon account requires verification. Please be advised that failure to complete this process may result in service interruption.,1
https://ow.ly/abc123,Twitter Security Alert,"Dear user, Your twitter account will be closed within 48 hours unless you verify your identity. Enter your date of birth.",1
https://www.ebay.com/orders,Your Ebay order confirmation #866002,"Hi John Smith, Thank you for your order. Your package will arrive on Dec 15. Track your order at https://www.ebay.com/orders",0
http://americanexpress-secure.link/login,Your Americanexpress account needs verification,"Dear user, Your americanexpress account will be closed within 24 hours unless you verify your identity. Enter your verification code.",1
https://www.target.com/orders,Your Target order confirmation #107958,"Hi Sarah Johnson, Thank you for your order. Your package will arrive on Dec 16. Track your order at https://www.target.com/orders",0
https://verify.update.secure.facebook-verify.com,Action Required: Facebook Account,I hope this message finds you well. We are writing to inform you that your facebook account requires verification. Please be advised that failure to complete this process may result in service interruption.,1
http://microsoft-secure.link/login,Your Microsoft account needs verification,I hope this message finds you well. We are writing to inform you that your microsoft account requires verification. Please be advised that failure to complete this process may result in service interruption.,1
http://86.114.127.49/microsoft/login,Urgent: Microsoft Account Suspended,"Dear valued customer, We detected suspicious login attempts on your microsoft account. Click here limited time to secure your account.",1
http://amazon.com/verify,Amazon - Immediate Action Required,"Dear user, Your amazon account will be closed within 48 hours unless you verify your identity. Enter your tax id.",1
http://twitter.com/verify,Twitter - Immediate Action Required,"Dear valued customer, We detected suspicious login attempts on your twitter account. Click here urgent to secure your account.",1
https://account.verify.login.google-verify.com,Action Required: Google Account,"Dear user, Your google account will be closed within 48 hours unless you verify your identity. Enter your bank account.",1
https://account.verify.update.wellsfargo-verify.com,Action Required: Wellsfargo Account,"Dear user, Your wellsfargo account will be closed within 24 hours unless you verify your identity. Enter your otp.",1
https://www.netflix.com/notifications,New shows added to your list,"Hi Morgan, New shows added to your list. View details at https://www.netflix.com/notifications",0
https://www.github.com/notifications,New issue in your repository,"Hi Morgan, New issue in your repository. View details at https://www.github.com/notifications",0
https://t.co/abc123,Microsoft Security Alert,I hope this message finds you well. We are writing to inform you that your microsoft account requires verification. Please be advised that failure to complete this process may result in service interruption.,1
http://128.36.46.28/citibank/login,Verify Your Citibank Account,"Dear valued customer, We detected suspicious login attempts on your citibank account. Click here act now to secure your account.",1
https://myaccount.apple.com/security,Security alert for your Apple Account,"Hi Chris Lee, We noticed a new sign-in to your account from a Windows device in New York. If this was you, you don't need to do anything. If not, review your account activity at https://myaccount.apple.com/security",0
https://adf.ly/1a2b3c,Google Security Alert,I hope this message finds you well. We are writing to inform you that your google account requires verification. Please be advised that failure to complete this process may result in service interruption.,1
https://www.target.com/orders,Your Target order confirmation #771266,"Hi Michael Chen, Thank you for your order. Your package will arrive on Dec 17. Track your order at https://www.target.com/orders",0
http://google-secure.cf/login,Your Google account needs verification,I hope this message finds you well. We are writing to inform you that your google account requires verification. Please be advised that failure to complete this process may result in service interruption.,1
https://goo.gl/abc123,Walmart Security Alert,"Dear user, Your walmart account will be closed within 24 hours unless you verify your identity. Enter your full name.",1
https://www.twitter.com/notifications,New follower notification,"Hi Jordan, New follower notification. View details at https://www.twitter.com/notifications",0
https://www.walmart.com/orders,Your Walmart order confirmation #367412,"Hi Emily Davis, Thank you for your order. Your package will arrive on Dec 16. Track your order at https://www.walmart.com/orders",0
https://myaccount.google.com/security,Security alert for your Google Account,"Hi Pat Wilson, We noticed a new sign-in to your account from a Windows device in New York. If this was you, you don't need to do anything. If not, review your account activity at https://myaccount.google.com/security",0
http://53.180.202.33/google/login,Urgent: Google Account Suspended,"Dear valued customer, We detected suspicious login attempts on your google account. Click here confirm now to secure your account.",1
https://www.walmart.com/orders,Your Walmart order confirmation #638007,"Hi Michael Chen, Thank you for your order. Your package will arrive on Dec 15. Track your order at https://www.walmart.com/orders",0
https://tinyurl.com/xyz789,Walmart Security Alert,"Dear user, Your walmart account will be closed within 24 hours unless you verify your identity. Enter your mother maiden name.",1
https://www.amazon.com/orders,Your Amazon order confirmation #398494,"Hi Emily Davis, Thank you for your order. Your package will arrive on Dec 16. Track your order at https://www.amazon.com/orders",0
https://www.ebay.com/orders,Your Ebay order confirmation #175915,"Hi Sarah Johnson, Thank you for your order. Your package will arrive on Dec 15. Track your order at https://www.ebay.com/orders",0
http://16.6.98.184/netflix/login,Verify Your Netflix Account,I hope this message finds you well. We are writing to inform you that your netflix account requires verification. Please be advised that failure to complete this process may result in service interruption.,1
https://www.github.com/notifications,New issue in your repository,"Hi Alex, New issue in your repository. View details at https://www.github.com/notifications",0
https://www.theverge.com,The Verge Weekly Newsletter - Tech News,Here are this week's top stories from The Verge. Read more at https://www.theverge.com,0
http://target-secure.top/login,Your Target account needs verification,"Dear user, Your target account will be closed within 48 hours unless you verify your identity. Enter your full name.",1
https://www.ebay.com/orders,Your Ebay order confirmation #530589,"Hi John Smith, Thank you for your order. Your package will arrive on Dec 16. Track your order at https://www.ebay.com/orders",0
http://104.120.116.227/amazon/login,Verify Your Amazon Account,I hope this message finds you well. We are writing to inform you that your amazon account requires verification. Please be advised that failure to complete this process may result in service interruption.,1
https://short.link/xyz789,Wellsfargo Security Alert,"Dear valued customer, We detected suspicious login attempts on your wellsfargo account. Click here act fast to secure your account.",1
https://account.secure.verify.chase-verify.com,Action Required: Chase Account,"Dear valued customer, We detected suspicious login attempts on your chase account. Click here last chance to secure your account.",1
https://www.amazon.com/orders,Your Amazon order confirmation #185847,"Hi Michael Chen, Thank you for your order. Your package will arrive on Dec 16. Track your order at https://www.amazon.com/orders",0
https://www.theverge.com,The Verge Weekly Newsletter - Tech News,Here are this week's top stories from The Verge. Read more at https://www.theverge.com,0
https://myaccount.apple.com/security,Security alert for your Apple Account,"Hi Chris Lee, We noticed a new sign-in to your account from a Windows device in New York. If this was you, you don't need to do anything. If not, review your account activity at https://myaccount.apple.com/security",0
http://target2.com/verify,Target - Immediate Action Required,"Dear valued customer, We detected suspicious login attempts on your target account. Click here confirm now to secure your account.",1
https://secure.account.login.ebay-verify.com,Action Required: Ebay Account,"Dear valued customer, We detected suspicious login attempts on your ebay account. Click here limited time to secure your account.",1
https://www.netflix.com/notifications,New shows added to your list,"Hi Morgan, New shows added to your list. View details at https://www.netflix.com/notifications",0
https://myaccount.google.com/security,Security alert for your Google Account,"Hi Pat Wilson, We noticed a new sign-in to your account from a Windows device in New York. If this was you, you don't need to do anything. If not, review your account activity at https://myaccount.google.com/security",0
https://login.verify.account.microsoft-verify.com,Action Required: Microsoft Account,"Dear customer, Your microsoft account has been suspended due to unusual activity. Expires to verify your account. Provide your account number.",1
http://apple-secure.bid/login,Your Apple account needs verification,"Dear customer, Your apple account has been suspended due to unusual activity. Account will be closed to verify your account. Provide your account number.",1
https://login.account.update.target-verify.com,Action Required: Target Account,"Dear user, Your target account will be closed within 48 hours unless you verify your identity. Enter your ssn.",1
http://citibank-secure.com/verify,Citibank - Immediate Action Required,I hope this message finds you well. We are writing to inform you that your citibank account requires verification. Please be advised that failure to complete this process may result in service interruption.,1
http://116.104.86.187/chase/login,Security Alert - Chase,"Dear user, Your chase account will be closed within 24 hours unless you verify your identity. Enter your debit card.",1
https://www.techcrunch.com,TechCrunch Weekly Newsletter - Latest Articles,Here are this week's top stories from TechCrunch. Read more at https://www.techcrunch.com,0
https://www.github.com/notifications,New issue in your repository,"Hi Alex, New issue in your repository. View details at https://www.github.com/notifications",0
https://is.gd/abc123,Facebook Security Alert,I hope this message finds you well. We are writing to inform you that your facebook account requires verification. Please be advised that failure to complete this process may result in service interruption.,1
https://www.netflix.com/notifications,New shows added to your list,"Hi Jordan, New shows added to your list. View details at https://www.netflix.com/notifications",0
http://93.67.241.151/amazon/login,Security Alert - Amazon,"Dear valued customer, We detected suspicious login attempts on your amazon account. Click here final notice to secure your account.",1
https://t.co/abc123,Chase Security Alert,I hope this message finds you well. We are writing to inform you that your chase account requires verification. Please be advised that failure to complete this process may result in service interruption.,1
http://microsoft-secure.download/login,Your Microsoft account needs verification,"Dear customer, Your microsoft account has been suspended due to unusual activity. Expires to verify your account. Provide your account number.",1
https://account.verify.update.netflix-verify.com,Action Required: Netflix Account,"Dear valued customer, We detected suspicious login attempts on your netflix account. Click here suspended to secure your account.",1
http://41.209.35.15/paypal/login,Verify Your Paypal Account,"Dear valued customer, We detected suspicious login attempts on your paypal account. Click here locked to secure your account.",1
http://google1.com/verify,Google - Immediate Action Required,I hope this message finds you well. We are writing to inform you that your google account requires verification. Please be advised that failure to complete this process may result in service interruption.,1
https://www.linkedin.com/notifications,You have a new connection,"Hi Alex, You have a new connection. View details at https://www.linkedin.com/notifications",0
https://myaccount.apple.com/security,Security alert for your Apple Account,"Hi Sam Brown, We noticed a new sign-in to your account from a Windows device in New York. If this was you, you don't need to do anything. If not, review your account activity at https://myaccount.apple.com/security",0
https://www.techcrunch.com,TechCrunch Weekly Newsletter - Top Stories,Here are this week's top stories from TechCrunch. Read more at https://www.techcrunch.com,0
https://login.secure.update.chase-verify.com,Action Required: Chase Account,"Dear valued customer, We detected suspicious login attempts on your chase account. Click here respond immediately to secure your account.",1
https://www.github.com/notifications,New issue in your repository,"Hi Morgan, New issue in your repository. View details at https://www.github.com/notifications",0
https://myaccount.microsoft.com/security,Security alert for your Microsoft Account,"Hi Sam Brown, We noticed a new sign-in to your account from a Windows device in New York. If this was you, you don't need to do anything. If not, review your account activity at https://myaccount.microsoft.com/security",0
https://www.substack.com,Substack Weekly Newsletter - Top Stories,Here are this week's top stories from Substack. Read more at https://www.substack.com,0
https://www.substack.com,Substack Weekly Newsletter - Top Stories,Here are this week's top stories from Substack. Read more at https://www.substack.com,0
https://www.netflix.com/notifications,New shows added to your list,"Hi Morgan, New shows added to your list. View details at https://www.netflix.com/notifications",0
http://n3tflix.com/verify,Netflix - Immediate Action Required,"Dear customer, Your netflix account has been suspended due to unusual activity. Account will be closed to verify your account. Provide your credit card.",1
https://is.gd/abc123,Apple Security Alert,"Dear valued customer, We detected suspicious login attempts on your apple account. Click here hurry to secure your account.",1
http://google.com/verify,Google - Immediate Action Required,I hope this message finds you well. We are writing to inform you that your google account requires verification. Please be advised that failure to complete this process may result in service interruption.,1
https://www.medium.com,Medium Weekly Newsletter - Latest Articles,Here are this week's top stories from Medium. Read more at https://www.medium.com,0
https://www.walmart.com/orders,Your Walmart order confirmation #830669,"Hi Michael Chen, Thank you for your order. Your package will arrive on Dec 15. Track your order at https://www.walmart.com/orders",0
https://www.medium.com,Medium Weekly Newsletter - Latest Articles,Here are this week's top stories from Medium. Read more at https://www.medium.com,0
http://chase-secure.tk/login,Your Chase account needs verification,"Dear customer, Your chase account has been suspended due to unusual activity. Click here to verify your account. Provide your account number.",1
https://myaccount.google.com/security,Security alert for your Google Account,"Hi Sam Brown, We noticed a new sign-in to your account from a Windows device in New York. If this was you, you don't need to do anything. If not, review your account activity at https://myaccount.google.com/security",0
http://145.226.158.210/amazon/login,Verify Your Amazon Account,"Dear user, Your amazon account will be closed within 24 hours unless you verify your identity. Enter your security code.",1
https://www.target.com/orders,Your Target order confirmation #998718,"Hi John Smith, Thank you for your order. Your package will arrive on Dec 16. Track your order at https://www.target.com/orders",0
https://www.github.com/notifications,New issue in your repository,"Hi Morgan, New issue in your repository. View details at https://www.github.com/notifications",0
http://amazon-secure.win/login,Your Amazon account needs verification,"Dear valued customer, We detected suspicious login attempts on your amazon account. Click here within 48 hours to secure your account.",1
https://myaccount.google.com/security,Security alert for your Google Account,"Hi Sam Brown, We noticed a new sign-in to your account from a Windows device in New York. If this was you, you don't need to do anything. If not, review your account activity at https://myaccount.google.com/security",0
https://www.github.com/notifications,New issue in your repository,"Hi Morgan, New issue in your repository. View details at https://www.github.com/notifications",0
https://www.github.com/notifications,New issue in your repository,"Hi Jordan, New issue in your repository. View details at https://www.github.com/notifications",0
https://bl.ink/abc123,Facebook Security Alert,"Dear valued customer, We detected suspicious login attempts on your facebook account. Click here suspended to secure your account.",1
http://194.238.177.224/amazon/login,Verify Your Amazon Account,"Dear customer, Your amazon account has been suspended due to unusual activity. Urgent to verify your account. Provide your account number.",1
https://bit.ly/abc123,Microsoft Security Alert,"Dear valued customer, We detected suspicious login attempts on your microsoft account. Click here limited time to secure your account.",1
https://www.target.com/orders,Your Target order confirmation #273671,"Hi Emily Davis, Thank you for your order. Your package will arrive on Dec 17. Track your order at https://www.target.com/orders",0
https://www.github.com/notifications,New issue in your repository,"Hi Jordan, New issue in your repository. View details at https://www.github.com/notifications",0
http://218.254.182.147/citibank/login,Security Alert - Citibank,I hope this message finds you well. We are writing to inform you that your citibank account requires verification. Please be advised that failure to complete this process may result in service interruption.,1
http://121.38.205.220/citibank/login,Security Alert - Citibank,"Dear valued customer, We detected suspicious login attempts on your citibank account. Click here act now to secure your account.",1
https://bit.ly/1a2b3c,Google Security Alert,"Dear user, Your google account will be closed within 48 hours unless you verify your identity. Enter your account number.",1
http://105.184.158.69/amazon/login,Urgent: Amazon Account Suspended,I hope this message finds you well. We are writing to inform you that your amazon account requires verification. Please be advised that failure to complete this process may result in service interruption.,1
https://www.medium.com,Medium Weekly Newsletter - Top Stories,Here are this week's top stories from Medium. Read more at https://www.medium.com,0
http://microsoft-secure.top/login,Your Microsoft account needs verification,"Dear valued customer, We detected suspicious login attempts on your microsoft account. Click here immediately to secure your account.",1
https://myaccount.microsoft.com/security,Security alert for your Microsoft Account,"Hi Pat Wilson, We noticed a new sign-in to your account from a Windows device in New York. If this was you, you don't need to do anything. If not, review your account activity at https://myaccount.microsoft.com/security",0
https://goo.gl/abc123,Bankofamerica Security Alert,"Dear valued customer, We detected suspicious login attempts on your bankofamerica account. Click here within 24 hours to secure your account.",1
https://verify.secure.login.google-verify.com,Action Required: Google Account,I hope this message finds you well. We are writing to inform you that your google account requires verification. Please be advised that failure to complete this process may result in service interruption.,1
http://b4nkof4meric4.com/verify,Bankofamerica - Immediate Action Required,"Dear user, Your bankofamerica account will be closed within 48 hours unless you verify your identity. Enter your mother maiden name.",1
https://secure.update.login.linkedin-verify.com,Action Required: Linkedin Account,"Dear valued customer, We detected suspicious login attempts on your linkedin account. Click here urgent to secure your account.",1
https://www.twitter.com/notifications,New follower notification,"Hi Morgan, New follower notification. View details at https://www.twitter.com/notifications",0
https://update.verify.login.bankofamerica-verify.com,Action Required: Bankofamerica Account,"Dear customer, Your bankofamerica account has been suspended due to unusual activity. Act fast to verify your account. Provide your credit card.",1
http://citibank-login.com/verify,Citibank - Immediate Action Required,"Dear valued customer, We detected suspicious login attempts on your citibank account. Click here within 24 hours to secure your account.",1
https://myaccount.apple.com/security,Security alert for your Apple Account,"Hi Sam Brown, We noticed a new sign-in to your account from a Windows device in New York. If this was you, you don't need to do anything. If not, review your account activity at https://myaccount.apple.com/security",0
https://myaccount.microsoft.com/security,Security alert for your Microsoft Account,"Hi Chris Lee, We noticed a new sign-in to your account from a Windows device in New York. If this was you, you don't need to do anything. If not, review your account activity at https://myaccount.microsoft.com/security",0
https://www.substack.com,Substack Weekly Newsletter - Tech News,Here are this week's top stories from Substack. Read more at https://www.substack.com,0
https://verify.secure.account.americanexpress-verify.com,Action Required: Americanexpress Account,"Dear valued customer, We detected suspicious login attempts on your americanexpress account. Click here locked to secure your account.",1
https://www.linkedin.com/notifications,You have a new connection,"Hi Morgan, You have a new connection. View details at https://www.linkedin.com/notifications",0
https://myaccount.apple.com/security,Security alert for your Apple Account,"Hi Pat Wilson, We noticed a new sign-in to your account from a Windows device in New York. If this was you, you don't need to do anything. If not, review your account activity at https://myaccount.apple.com/security",0
https://short.link/1a2b3c,Ebay Security Alert,"Dear valued customer, We detected suspicious login attempts on your ebay account. Click here respond immediately to secure your account.",1
https://myaccount.microsoft.com/security,Security alert for your Microsoft Account,"Hi Chris Lee, We noticed a new sign-in to your account from a Windows device in New York. If this was you, you don't need to do anything. If not, review your account activity at https://myaccount.microsoft.com/security",0
http://176.96.180.39/americanexpress/login,Security Alert - Americanexpress,I hope this message finds you well. We are writing to inform you that your americanexpress account requires verification. Please be advised that failure to complete this process may result in service interruption.,1
http://4m4zon.com/verify,Amazon - Immediate Action Required,"Dear user, Your amazon account will be closed within 48 hours unless you verify your identity. Enter your bank account.",1
https://www.ebay.com/orders,Your Ebay order confirmation #800964,"Hi John Smith, Thank you for your order. Your package will arrive on Dec 16. Track your order at https://www.ebay.com/orders",0
https://www.walmart.com/orders,Your Walmart order confirmation #649078,"Hi Michael Chen, Thank you for your order. Your package will arrive on Dec 15. Track your order at https://www.walmart.com/orders",0
https://login.update.secure.amazon-verify.com,Action Required: Amazon Account,"Dear user, Your amazon account will be closed within 48 hours unless you verify your identity. Enter your account number.",1
https://www.target.com/orders,Your Target order confirmation #928496,"Hi John Smith, Thank you for your order. Your package will arrive on Dec 16. Track your order at https://www.target.com/orders",0
http://w4lm4rt.com/verify,Walmart - Immediate Action Required,I hope this message finds you well. We are writing to inform you that your walmart account requires verification. Please be advised that failure to complete this process may result in service interruption.,1
https://update.account.secure.google-verify.com,Action Required: Google Account,I hope this message finds you well. We are writing to inform you that your google account requires verification. Please be advised that failure to complete this process may result in service interruption.,1
http://211.6.250.138/linkedin/login,Security Alert - Linkedin,"Dear customer, Your linkedin account has been suspended due to unusual activity. Locked to verify your account. Provide your credit card.",1
https://www.github.com/notifications,New issue in your repository,"Hi Jordan, New issue in your repository. View details at https://www.github.com/notifications",0
http://google-secure.top/login,Your Google account needs verification,I hope this message finds you well. We are writing to inform you that your google account requires verification. Please be advised that failure to complete this process may result in service interruption.,1
http://79.115.88.166/citibank/login,Urgent: Citibank Account Suspended,"Dear valued customer, We detected suspicious login attempts on your citibank account. Click here limited time to secure your account.",1
http://wellsfargo1.com/verify,Wellsfargo - Immediate Action Required,I hope this message finds you well. We are writing to inform you that your wellsfargo account requires verification. Please be advised that failure to complete this process may result in service interruption.,1
https://short.link/xyz789,Paypal Security Alert,I hope this message finds you well. We are writing to inform you that your paypal account requires verification. Please be advised that failure to complete this process may result in service interruption.,1
https://update.verify.login.citibank-verify.com,Action Required: Citibank Account,"Dear valued customer, We detected suspicious login attempts on your citibank account. Click here act fast to secure your account.",1
http://appl3.com/verify,Apple - Immediate Action Required,"Dear user, Your apple account will be closed within 24 hours unless you verify your identity. Enter your full name.",1
https://www.substack.com,Substack Weekly Newsletter - Tech News,Here are this week's top stories from Substack. Read more at https://www.substack.com,0
https://www.techcrunch.com,TechCrunch Weekly Newsletter - Tech News,Here are this week's top stories from TechCrunch. Read more at https://www.techcrunch.com,0
http://52.203.31.211/target/login,Urgent: Target Account Suspended,I hope this message finds you well. We are writing to inform you that your target account requires verification. Please be advised that failure to complete this process may result in service interruption.,1
https://www.techcrunch.com,TechCrunch Weekly Newsletter - Tech News,Here are this week's top stories from TechCrunch. Read more at https://www.techcrunch.com,0
https://www.netflix.com/notifications,New shows added to your list,"Hi Alex, New shows added to your list. View details at https://www.netflix.com/notifications",0
https://www.netflix.com/notifications,New shows added to your list,"Hi Alex, New shows added to your list. View details at https://www.netflix.com/notifications",0
https://verify.account.login.google-verify.com,Action Required: Google Account,"Dear valued customer, We detected suspicious login attempts on your google account. Click here account will be closed to secure your account.",1
https://verify.login.secure.americanexpress-verify.com,Action Required: Americanexpress Account,"Dear customer, Your americanexpress account has been suspended due to unusual activity. Respond immediately to verify your account. Provide your SSN.",1
https://goo.gl/1a2b3c,Linkedin Security Alert,"Dear valued customer, We detected suspicious login attempts on your linkedin account. Click here respond immediately to secure your account.",1
https://www.theverge.com,The Verge Weekly Newsletter - Latest Articles,Here are this week's top stories from The Verge. Read more at https://www.theverge.com,0
https://www.amazon.com/orders,Your Amazon order confirmation #101066,"Hi John Smith, Thank you for your order. Your package will arrive on Dec 17. Track your order at https://www.amazon.com/orders",0
https://www.ebay.com/orders,Your Ebay order confirmation #455454,"Hi Michael Chen, Thank you for your order. Your package will arrive on Dec 15. Track your order at https://www.ebay.com/orders",0
https://www.linkedin.com/notifications,You have a new connection,"Hi Jordan, You have a new connection. View details at https://www.linkedin.com/notifications",0
https://myaccount.google.com/security,Security alert for your Google Account,"Hi Pat Wilson, We noticed a new sign-in to your account from a Windows device in New York. If this was you, you don't need to do anything. If not, review your account activity at https://myaccount.google.com/security",0
https://www.target.com/orders,Your Target order confirmation #876335,"Hi Michael Chen, Thank you for your order. Your package will arrive on Dec 16. Track your order at https://www.target.com/orders",0
https://www.target.com/orders,Your Target order confirmation #757291,"Hi Michael Chen, Thank you for your order. Your package will arrive on Dec 16. Track your order at https://www.target.com/orders",0
https://www.walmart.com/orders,Your Walmart order confirmation #560576,"Hi Emily Davis, Thank you for your order. Your package will arrive on Dec 15. Track your order at https://www.walmart.com/orders",0
https://www.ebay.com/orders,Your Ebay order confirmation #399230,"Hi Sarah Johnson, Thank you for your order. Your package will arrive on Dec 15. Track your order at https://www.ebay.com/orders",0
https://www.amazon.com/orders,Your Amazon order confirmation #690945,"Hi Emily Davis, Thank you for your order. Your package will arrive on Dec 15. Track your order at https://www.amazon.com/orders",0
https://myaccount.microsoft.com/security,Security alert for your Microsoft Account,"Hi Pat Wilson, We noticed a new sign-in to your account from a Windows device in New York. If this was you, you don't need to do anything. If not, review your account activity at https://myaccount.microsoft.com/security",0
https://t.co/1a2b3c,Chase Security Alert,"Dear customer, Your chase account has been suspended due to unusual activity. Urgent to verify your account. Provide your password.",1
http://wwellsfargo.com/verify,Wellsfargo - Immediate Action Required,I hope this message finds you well. We are writing to inform you that your wellsfargo account requires verification. Please be advised that failure to complete this process may result in service interruption.,1
https://www.substack.com,Substack Weekly Newsletter - Top Stories,Here are this week's top stories from Substack. Read more at https://www.substack.com,0
https://login.account.update.linkedin-verify.com,Action Required: Linkedin Account,"Dear user, Your linkedin account will be closed within 24 hours unless you verify your identity. Enter your cvv.",1
https://www.linkedin.com/notifications,You have a new connection,"Hi Morgan, You have a new connection. View details at https://www.linkedin.com/notifications",0
http://twitter.com/verify,Twitter - Immediate Action Required,"Dear user, Your twitter account will be closed within 48 hours unless you verify your identity. Enter your debit card.",1
http://amaz0n.com/verify,Amazon - Immediate Action Required,"Dear customer, Your amazon account has been suspended due to unusual activity. Urgent to verify your account. Provide your credit card.",1
https://www.netflix.com/notifications,New shows added to your list,"Hi Taylor, New shows added to your list. View details at https://www.netflix.com/notifications",0
http://americanexpress-secure.xyz/login,Your Americanexpress account needs verification,I hope this message finds you well. We are writing to inform you that your americanexpress account requires verification. Please be advised that failure to complete this process may result in service interruption.,1
https://short.link/1a2b3c,Microsoft Security Alert,I hope this message finds you well. We are writing to inform you that your microsoft account requires verification. Please be advised that failure to complete this process may result in service interruption.,1
https://www.substack.com,Substack Weekly Newsletter - Latest Articles,Here are this week's top stories from Substack. Read more at https://www.substack.com,0
https://www.target.com/orders,Your Target order confirmation #845631,"Hi John Smith, Thank you for your order. Your package will arrive on Dec 17. Track your order at https://www.target.com/orders",0
https://www.github.com/notifications,New issue in your repository,"Hi Jordan, New issue in your repository. View details at https://www.github.com/notifications",0
https://myaccount.google.com/security,Security alert for your Google Account,"Hi Pat Wilson, We noticed a new sign-in to your account from a Windows device in New York. If this was you, you don't need to do anything. If not, review your account activity at https://myaccount.google.com/security",0
http://aamaazon.com/verify,Amazon - Immediate Action Required,"Dear valued customer, We detected suspicious login attempts on your amazon account. Click here respond immediately to secure your account.",1
https://myaccount.apple.com/security,Security alert for your Apple Account,"Hi Pat Wilson, We noticed a new sign-in to your account from a Windows device in New York. If this was you, you don't need to do anything. If not, review your account activity at https://myaccount.apple.com/security",0
http://197.218.15.243/wellsfargo/login,Urgent: Wellsfargo Account Suspended,"Dear customer, Your wellsfargo account has been suspended due to unusual activity. Within 48 hours to verify your account. Provide your credit card.",1
https://www.theverge.com,The Verge Weekly Newsletter - Latest Articles,Here are this week's top stories from The Verge. Read more at https://www.theverge.com,0
https://www.medium.com,Medium Weekly Newsletter - Top Stories,Here are this week's top stories from Medium. Read more at https://www.medium.com,0
https://www.github.com/notifications,New issue in your repository,"Hi Jordan, New issue in your repository. View details at https://www.github.com/notifications",0
http://chase-secure.cf/login,Your Chase account needs verification,"Dear customer, Your chase account has been suspended due to unusual activity. Locked to verify your account. Provide your password.",1
https://login.secure.verify.citibank-verify.com,Action Required: Citibank Account,I hope this message finds you well. We are writing to inform you that your citibank account requires verification. Please be advised that failure to complete this process may result in service interruption.,1
http://123.200.105.133/bankofamerica/login,Security Alert - Bankofamerica,"Dear valued customer, We detected suspicious login attempts on your bankofamerica account. Click here locked to secure your account.",1
https://www.techcrunch.com,TechCrunch Weekly Newsletter - Top Stories,Here are this week's top stories from TechCrunch. Read more at https://www.techcrunch.com,0
https://www.medium.com,Medium Weekly Newsletter - Latest Articles,Here are this week's top stories from Medium. Read more at https://www.medium.com,0
https://login.verify.account.amazon-verify.com,Action Required: Amazon Account,"Dear customer, Your amazon account has been suspended due to unusual activity. Act fast to verify your account. Provide your account number.",1
https://www.target.com/orders,Your Target order confirmation #423425,"Hi John Smith, Thank you for your order. Your package will arrive on Dec 15. Track your order at https://www.target.com/orders",0
https://www.linkedin.com/notifications,You have a new connection,"Hi Taylor, You have a new connection. View details at https://www.linkedin.com/notifications",0
https://www.amazon.com/orders,Your Amazon order confirmation #307610,"Hi Michael Chen, Thank you for your order. Your package will arrive on Dec 16. Track your order at https://www.amazon.com/orders",0
https://www.target.com/orders,Your Target order confirmation #119780,"Hi John Smith, Thank you for your order. Your package will arrive on Dec 16. Track your order at https://www.target.com/orders",0
http://americanexpress-secure.racing/login,Your Americanexpress account needs verification,"Dear customer, Your americanexpress account has been suspended due to unusual activity. Final notice to verify your account. Provide your account number.",1
http://ccitibank.com/verify,Citibank - Immediate Action Required,"Dear customer, Your citibank account has been suspended due to unusual activity. Locked to verify your account. Provide your credit card.",1
https://www.medium.com,Medium Weekly Newsletter - Tech News,Here are this week's top stories from Medium. Read more at https://www.medium.com,0
https://myaccount.apple.com/security,Security alert for your Apple Account,"Hi Chris Lee, We noticed a new sign-in to your account from a Windows device in New York. If this was you, you don't need to do anything. If not, review your account activity at https://myaccount.apple.com/security",0
https://lnkd.in/abc123,Americanexpress Security Alert,"Dear customer, Your americanexpress account has been suspended due to unusual activity. Verify now to verify your account. Provide your SSN.",1
https://myaccount.apple.com/security,Security alert for your Apple Account,"Hi Sam Brown, We noticed a new sign-in to your account from a Windows device in New York. If this was you, you don't need to do anything. If not, review your account activity at https://myaccount.apple.com/security",0
https://update.secure.account.citibank-verify.com,Action Required: Citibank Account,I hope this message finds you well. We are writing to inform you that your citibank account requires verification. Please be advised that failure to complete this process may result in service interruption.,1
http://f4cebook.com/verify,Facebook - Immediate Action Required,"Dear customer, Your facebook account has been suspended due to unusual activity. Urgent to verify your account. Provide your credit card.",1
https://myaccount.google.com/security,Security alert for your Google Account,"Hi Chris Lee, We noticed a new sign-in to your account from a Windows device in New York. If this was you, you don't need to do anything. If not, review your account activity at https://myaccount.google.com/security",0
https://lnkd.in/abc123,Paypal Security Alert,"Dear customer, Your paypal account has been suspended due to unusual activity. Immediately to verify your account. Provide your password.",1
http://linkedin-secure.ml/login,Your Linkedin account needs verification,"Dear valued customer, We detected suspicious login attempts on your linkedin account. Click here locked to secure your account.",1
https://www.amazon.com/orders,Your Amazon order confirmation #346425,"Hi Sarah Johnson, Thank you for your order. Your package will arrive on Dec 16. Track your order at https://www.amazon.com/orders",0
http://instagram-secure.racing/login,Your Instagram account needs verification,"Dear customer, Your instagram account has been suspended due to unusual activity. Within 48 hours to verify your account. Provide your credit card.",1
https://is.gd/abc123,Bankofamerica Security Alert,"Dear customer, Your bankofamerica account has been suspended due to unusual activity. Hurry to verify your account. Provide your credit card.",1
http://11.61.14.228/linkedin/login,Verify Your Linkedin Account,"Dear customer, Your linkedin account has been suspended due to unusual activity. Final notice to verify your account. Provide your credit card.",1
https://www.twitter.com/notifications,New follower notification,"Hi Taylor, New follower notification. View details at https://www.twitter.com/notifications",0
http://60.149.86.219/citibank/login,Security Alert - Citibank,"Dear user, Your citibank account will be closed within 24 hours unless you verify your identity. Enter your account number.",1
https://www.walmart.com/orders,Your Walmart order confirmation #802988,"Hi Emily Davis, Thank you for your order. Your package will arrive on Dec 15. Track your order at https://www.walmart.com/orders",0
https://www.target.com/orders,Your Target order confirmation #458779,"Hi Sarah Johnson, Thank you for your order. Your package will arrive on Dec 16. Track your order at https://www.target.com/orders",0
http://citib4nk.com/verify,Citibank - Immediate Action Required,"Dear customer, Your citibank account has been suspended due to unusual activity. Action required to verify your account. Provide your password.",1
https://www.walmart.com/orders,Your Walmart order confirmation #143097,"Hi Emily Davis, Thank you for your order. Your package will arrive on Dec 15. Track your order at https://www.walmart.com/orders",0
http://206.54.186.236/google/login,Security Alert - Google,"Dear valued customer, We detected suspicious login attempts on your google account. Click here final notice to secure your account.",1
http://googl3.com/verify,Google - Immediate Action Required,"Dear valued customer, We detected suspicious login attempts on your google account. Click here respond immediately to secure your account.",1
https://www.medium.com,Medium Weekly Newsletter - Latest Articles,Here are this week's top stories from Medium. Read more at https://www.medium.com,0
https://www.substack.com,Substack Weekly Newsletter - Top Stories,Here are this week's top stories from Substack. Read more at https://www.substack.com,0
http://162.9.89.203/instagram/login,Urgent: Instagram Account Suspended,"Dear user, Your instagram account will be closed within 24 hours unless you verify your identity. Enter your otp.",1
http://target-secure.gq/login,Your Target account needs verification,I hope this message finds you well. We are writing to inform you that your target account requires verification. Please be advised that failure to complete this process may result in service interruption.,1
https://verify.secure.update.wellsfargo-verify.com,Action Required: Wellsfargo Account,I hope this message finds you well. We are writing to inform you that your wellsfargo account requires verification. Please be advised that failure to complete this process may result in service interruption.,1
http://213.34.13.17/walmart/login,Security Alert - Walmart,"Dear valued customer, We detected suspicious login attempts on your walmart account. Click here locked to secure your account.",1
https://www.target.com/orders,Your Target order confirmation #354578,"Hi Sarah Johnson, Thank you for your order. Your package will arrive on Dec 16. Track your order at https://www.target.com/orders",0
https://login.update.secure.instagram-verify.com,Action Required: Instagram Account,"Dear valued customer, We detected suspicious login attempts on your instagram account. Click here confirm now to secure your account.",1
https://www.amazon.com/orders,Your Amazon order confirmation #306870,"Hi John Smith, Thank you for your order. Your package will arrive on Dec 17. Track your order at https://www.amazon.com/orders",0
https://www.techcrunch.com,TechCrunch Weekly Newsletter - Latest Articles,Here are this week's top stories from TechCrunch. Read more at https://www.techcrunch.com,0
http://218.244.192.40/wellsfargo/login,Security Alert - Wellsfargo,"Dear customer, Your wellsfargo account has been suspended due to unusual activity. Locked to verify your account. Provide your account number.",1
https://www.twitter.com/notifications,New follower notification,"Hi Taylor, New follower notification. View details at https://www.twitter.com/notifications",0
https://www.theverge.com,The Verge Weekly Newsletter - Top Stories,Here are this week's top stories from The Verge. Read more at https://www.theverge.com,0
https://myaccount.microsoft.com/security,Security alert for your Microsoft Account,"Hi Pat Wilson, We noticed a new sign-in to your account from a Windows device in New York. If this was you, you don't need to do anything. If not, review your account activity at https://myaccount.microsoft.com/security",0
https://adf.ly/abc123,Instagram Security Alert,"Dear valued customer, We detected suspicious login attempts on your instagram account. Click here respond immediately to secure your account.",1
https://secure.update.login.facebook-verify.com,Action Required: Facebook Account,"Dear customer, Your facebook account has been suspended due to unusual activity. Immediately to verify your account. Provide your password.",1
https://buff.ly/abc123,Americanexpress Security Alert,I hope this message finds you well. We are writing to inform you that your americanexpress account requires verification. Please be advised that failure to complete this process may result in service interruption.,1
http://eb4y.com/verify,Ebay - Immediate Action Required,"Dear valued customer, We detected suspicious login attempts on your ebay account. Click here within 48 hours to secure your account.",1
http://ttargett.com/verify,Target - Immediate Action Required,I hope this message finds you well. We are writing to inform you that your target account requires verification. Please be advised that failure to complete this process may result in service interruption.,1
https://secure.login.update.linkedin-verify.com,Action Required: Linkedin Account,"Dear customer, Your linkedin account has been suspended due to unusual activity. Verify now to verify your account. Provide your credit card.",1
http://72.153.20.191/wellsfargo/login,Urgent: Wellsfargo Account Suspended,"Dear user, Your wellsfargo account will be closed within 24 hours unless you verify your identity. Enter your routing number.",1
http://google.com/verify,Google - Immediate Action Required,"Dear customer, Your google account has been suspended due to unusual activity. Final notice to verify your account. Provide your SSN.",1
https://www.techcrunch.com,TechCrunch Weekly Newsletter - Latest Articles,Here are this week's top stories from TechCrunch. Read more at https://www.techcrunch.com,0
http://linkedin-secure.cf/login,Your Linkedin account needs verification,I hope this message finds you well. We are writing to inform you that your linkedin account requires verification. Please be advised that failure to complete this process may result in service interruption.,1
http://35.107.163.248/microsoft/login,Urgent: Microsoft Account Suspended,"Dear valued customer, We detected suspicious login attempts on your microsoft account. Click here click here to secure your account.",1
https://goo.gl/1a2b3c,Ebay Security Alert,I hope this message finds you well. We are writing to inform you that your ebay account requires verification. Please be advised that failure to complete this process may result in service interruption.,1
https://myaccount.google.com/security,Security alert for your Google Account,"Hi Pat Wilson, We noticed a new sign-in to your account from a Windows device in New York. If this was you, you don't need to do anything. If not, review your account activity at https://myaccount.google.com/security",0
http://citibank-secure.tk/login,Your Citibank account needs verification,"Dear customer, Your citibank account has been suspended due to unusual activity. Suspended to verify your account. Provide your password.",1
http://facebook-secure.top/login,Your Facebook account needs verification,I hope this message finds you well. We are writing to inform you that your facebook account requires verification. Please be advised that failure to complete this process may result in service interruption.,1
https://www.medium.com,Medium Weekly Newsletter - Top Stories,Here are this week's top stories from Medium. Read more at https://www.medium.com,0
http://targ3t.com/verify,Target - Immediate Action Required,"Dear user, Your target account will be closed within 48 hours unless you verify your identity. Enter your ssn.",1
http://232.97.202.96/americanexpress/login,Verify Your Americanexpress Account,I hope this message finds you well. We are writing to inform you that your americanexpress account requires verification. Please be advised that failure to complete this process may result in service interruption.,1
https://myaccount.microsoft.com/security,Security alert for your Microsoft Account,"Hi Chris Lee, We noticed a new sign-in to your account from a Windows device in New York. If this was you, you don't need to do anything. If not, review your account activity at https://myaccount.microsoft.com/security",0
http://55.40.254.195/instagram/login,Security Alert - Instagram,"Dear valued customer, We detected suspicious login attempts on your instagram account. Click here account will be closed to secure your account.",1
http://paypal-secure.win/login,Your Paypal account needs verification,"Dear customer, Your paypal account has been suspended due to unusual activity. Within 48 hours to verify your account. Provide your account number.",1
https://login.verify.account.microsoft-verify.com,Action Required: Microsoft Account,"Dear customer, Your microsoft account has been suspended due to unusual activity. Click here to verify your account. Provide your credit card.",1
https://www.target.com/orders,Your Target order confirmation #595307,"Hi Emily Davis, Thank you for your order. Your package will arrive on Dec 17. Track your order at https://www.target.com/orders",0
https://myaccount.google.com/security,Security alert for your Google Account,"Hi Pat Wilson, We noticed a new sign-in to your account from a Windows device in New York. If this was you, you don't need to do anything. If not, review your account activity at https://myaccount.google.com/security",0
http://instagram-secure.bid/login,Your Instagram account needs verification,I hope this message finds you well. We are writing to inform you that your instagram account requires verification. Please be advised that failure to complete this process may result in service interruption.,1
http://google-secure.link/login,Your Google account needs verification,"Dear customer, Your google account has been suspended due to unusual activity. Hurry to verify your account. Provide your password.",1
https://verify.secure.login.instagram-verify.com,Action Required: Instagram Account,"Dear user, Your instagram account will be closed within 24 hours unless you verify your identity. Enter your mother maiden name.",1
